resultId,raceId,driverId,constructorId,grid,position,points,laps,time,milliseconds,fastestLap,rank,fastestLapTime,fastestLapSpeed,statusId,year,round,circuitId,date,name,lat,lng,code,driver_standings_points,driver_standings_position,constructor_standings_points,constructor_standings_position,q1,q2,q3,sprint_results_grid,sprint_results_positionOrder,sprint_results_points,sprint_results_laps,sprint_results_time,sprint_results_milliseconds,sprint_results_fastestLap,sprint_results_fastestLapTime,sprint_results_statusId,podium,driver_standings_points_PRE_RACE,constructor_standings_points_PRE_RACE,driver_standings_position_PRE_RACE,constructor_standings_position_PRE_RACE,status_category,driver_age
,2025001,846,1,1.0,1.0,25.0,57.0,1:42:06.304,6126304,43.0,1.0,1:22.167,292.0,1,2025,1,1,2025-03-16,Australian Grand Prix,-37.8497,144.968,NOR,25.0,1,27.0,1,1:15.912,1:15.415,1:15.096,0.0,0.0,0.0,0.0,0 days 00:00:00,0.0,0.0,0,0.0,1,0.0,0.0,,,Finished,25.338809034907598
,2025001,830,9,3.0,2.0,18.0,57.0,1:42:07.199,6127199,43.0,3.0,1:23.081,293.0,1,2025,1,1,2025-03-16,Australian Grand Prix,-37.8497,144.968,VER,18.0,2,18.0,3,1:16.018,1:15.565,1:15.481,0.0,0.0,0.0,0.0,0 days 00:00:00,0.0,0.0,0,0.0,1,0.0,0.0,,,Finished,27.457905544147845
,2025001,847,131,4.0,3.0,15.0,57.0,1:42:14.785,6134785,43.0,11.0,1:25.065,293.0,1,2025,1,1,2025-03-16,Australian Grand Prix,-37.8497,144.968,RUS,15.0,3,27.0,1,1:15.971,1:15.798,1:15.546,0.0,0.0,0.0,0.0,0 days 00:00:00,0.0,0.0,0,0.0,1,0.0,0.0,,,Finished,27.080082135523615
,2025001,863,131,16.0,4.0,12.0,57.0,1:42:16.439,6136439,43.0,9.0,1:24.901,306.0,1,2025,1,1,2025-03-16,Australian Grand Prix,-37.8497,144.968,ANT,12.0,4,27.0,1,1:16.525,,,0.0,0.0,0.0,0.0,0 days 00:00:00,0.0,0.0,0,0.0,0,0.0,0.0,,,Finished,
,2025001,848,3,6.0,5.0,10.0,57.0,1:42:19.077,6139077,43.0,8.0,1:24.597,310.0,1,2025,1,1,2025-03-16,Australian Grand Prix,-37.8497,144.968,ALB,10.0,5,10.0,4,1:16.245,1:16.017,1:15.737,0.0,0.0,0.0,0.0,0 days 00:00:00,0.0,0.0,0,0.0,0,0.0,0.0,,,Finished,28.980150581793293
,2025001,840,117,13.0,6.0,8.0,57.0,1:42:23.717,6143717,43.0,14.0,1:25.538,294.0,1,2025,1,1,2025-03-16,Australian Grand Prix,-37.8497,144.968,STR,8.0,6,8.0,5,1:16.369,1:16.483,,0.0,0.0,0.0,0.0,0 days 00:00:00,0.0,0.0,0,0.0,0,0.0,0.0,,,Finished,26.379192334017795
,2025001,807,15,17.0,7.0,6.0,57.0,1:42:24.727,6144727,43.0,12.0,1:25.243,294.0,1,2025,1,1,2025-03-16,Australian Grand Prix,-37.8497,144.968,HUL,6.0,7,6.0,6,1:16.579,,,0.0,0.0,0.0,0.0,0 days 00:00:00,0.0,0.0,0,0.0,0,0.0,0.0,,,Finished,37.57426420260096
,2025001,844,6,7.0,8.0,4.0,57.0,1:42:26.130,6146130,43.0,13.0,1:25.271,307.0,1,2025,1,1,2025-03-16,Australian Grand Prix,-37.8497,144.968,LEC,4.0,8,5.0,7,1:16.029,1:15.827,1:15.755,0.0,0.0,0.0,0.0,0 days 00:00:00,0.0,0.0,0,0.0,0,0.0,0.0,,,Finished,27.41409993155373
,2025001,857,1,2.0,9.0,2.0,57.0,1:42:26.752,6146752,43.0,4.0,1:23.242,292.0,1,2025,1,1,2025-03-16,Australian Grand Prix,-37.8497,144.968,PIA,2.0,9,27.0,1,1:16.062,1:15.468,1:15.180,0.0,0.0,0.0,0.0,0 days 00:00:00,0.0,0.0,0,0.0,0,0.0,0.0,,,Finished,23.942505133470227
,2025001,1,6,8.0,10.0,1.0,57.0,1:42:28.777,6148777,43.0,7.0,1:24.218,310.0,1,2025,1,1,2025-03-16,Australian Grand Prix,-37.8497,144.968,HAM,1.0,10,5.0,7,1:16.213,1:15.919,1:15.973,0.0,0.0,0.0,0.0,0 days 00:00:00,0.0,0.0,0,0.0,0,0.0,0.0,,,Finished,40.186173853524984
,2025001,842,214,9.0,11.0,0.0,57.0,1:42:32.806,6152806,43.0,10.0,1:25.020,292.0,1,2025,1,1,2025-03-16,Australian Grand Prix,-37.8497,144.968,GAS,0.0,11,0.0,8,1:16.328,1:16.112,1:15.980,0.0,0.0,0.0,0.0,0 days 00:00:00,0.0,0.0,0,0.0,0,0.0,0.0,,,Finished,29.10335386721424
,2025001,852,215,5.0,12.0,0.0,57.0,1:42:36.188,6156188,43.0,6.0,1:24.194,293.0,1,2025,1,1,2025-03-16,Australian Grand Prix,-37.8497,144.968,TSU,0.0,11,0.0,8,1:16.225,1:16.009,1:15.670,0.0,0.0,0.0,0.0,0 days 00:00:00,0.0,0.0,0,0.0,0,0.0,0.0,,,Finished,24.84599589322382
,2025001,839,210,19.0,13.0,0.0,57.0,1:42:39.465,6159465,42.0,15.0,1:26.764,285.0,1,2025,1,1,2025-03-16,Australian Grand Prix,-37.8497,144.968,OCO,0.0,11,0.0,8,1:17.147,,,0.0,0.0,0.0,0.0,0 days 00:00:00,0.0,0.0,0,0.0,0,0.0,0.0,,,Finished,28.49281314168378
,2025001,860,210,20.0,14.0,0.0,57.0,1:42:46.655,6166655,42.0,16.0,1:27.603,286.0,1,2025,1,1,2025-03-16,Australian Grand Prix,-37.8497,144.968,BEA,0.0,11,0.0,8,,,,0.0,0.0,0.0,0.0,0 days 00:00:00,0.0,0.0,0,0.0,0,0.0,0.0,,,Finished,19.854893908281998
,2025001,859,9,18.0,15.0,0.0,46.0,,,43.0,2.0,1:22.970,304.0,31,2025,1,1,2025-03-16,Australian Grand Prix,-37.8497,144.968,LAW,0.0,11,18.0,3,1:17.094,,,0.0,0.0,0.0,0.0,0 days 00:00:00,0.0,0.0,0,0.0,0,0.0,0.0,,,DNF,23.091033538672143
,2025001,864,15,15.0,16.0,0.0,45.0,,,43.0,5.0,1:24.192,289.0,31,2025,1,1,2025-03-16,Australian Grand Prix,-37.8497,144.968,BOR,0.0,11,6.0,6,1:16.516,1:17.520,,0.0,0.0,0.0,0.0,0 days 00:00:00,0.0,0.0,0,0.0,0,0.0,0.0,,,DNF,
,2025001,4,117,12.0,17.0,0.0,32.0,,,32.0,17.0,1:28.819,284.0,31,2025,1,1,2025-03-16,Australian Grand Prix,-37.8497,144.968,ALO,0.0,11,8.0,5,1:16.288,1:16.453,,0.0,0.0,0.0,0.0,0 days 00:00:00,0.0,0.0,0,0.0,0,0.0,0.0,,,DNF,43.630390143737166
,2025001,832,3,10.0,18.0,0.0,0.0,,,,,,,31,2025,1,1,2025-03-16,Australian Grand Prix,-37.8497,144.968,SAI,0.0,11,10.0,4,1:16.360,1:15.931,1:16.062,0.0,0.0,0.0,0.0,0 days 00:00:00,0.0,0.0,0,0.0,0,0.0,0.0,,,DNF,30.537987679671456
,2025001,862,214,14.0,19.0,0.0,0.0,,,,,,,31,2025,1,1,2025-03-16,Australian Grand Prix,-37.8497,144.968,DOO,0.0,11,0.0,8,1:16.315,1:16.863,,0.0,0.0,0.0,0.0,0 days 00:00:00,0.0,0.0,0,0.0,0,0.0,0.0,,,DNF,22.151950718685832
,2025001,865,215,11.0,20.0,0.0,0.0,,,,,,,31,2025,1,1,2025-03-16,Australian Grand Prix,-37.8497,144.968,HAD,0.0,11,0.0,8,1:16.354,1:16.175,,0.0,0.0,0.0,0.0,0 days 00:00:00,0.0,0.0,0,0.0,0,0.0,0.0,,,DNF,
,2025002,857,1,1.0,1.0,25.0,56.0,1:30:55.026,5455026,53.0,4.0,1:35.520,264.0,1,2025,2,17,2025-03-23,Chinese Grand Prix,31.3389,121.22,PIA,34.0,4,78.0,1,1:31.591,1:31.200,1:30.641,3.0,2.0,7.0,19.0,0 days 00:29:08.131000,1748131.0,7.0,1:35.854,1.0,1,2.0,27.0,9,1,Finished,23.96167008898015
,2025002,846,1,3.0,2.0,18.0,56.0,1:31:04.774,5464774,53.0,2.0,1:35.454,267.0,1,2025,2,17,2025-03-23,Chinese Grand Prix,31.3389,121.22,NOR,44.0,1,78.0,1,1:30.983,1:30.787,1:30.793,6.0,8.0,1.0,19.0,0 days 00:29:20.700000,1760700.0,4.0,1:36.708,1.0,1,25.0,27.0,1,1,Finished,25.357973990417523
,2025002,847,131,2.0,3.0,15.0,56.0,1:31:06.123,5466123,55.0,6.0,1:35.816,267.0,1,2025,2,17,2025-03-23,Chinese Grand Prix,31.3389,121.22,RUS,35.0,3,57.0,2,1:31.295,1:31.307,1:30.723,5.0,4.0,5.0,19.0,0 days 00:29:11.611000,1751611.0,4.0,1:35.891,1.0,1,15.0,27.0,3,1,Finished,27.09924709103354
,2025002,830,9,4.0,4.0,12.0,56.0,1:31:11.682,5471682,56.0,3.0,1:35.488,265.0,1,2025,2,17,2025-03-23,Chinese Grand Prix,31.3389,121.22,VER,36.0,2,36.0,3,1:31.424,1:31.142,1:30.817,2.0,3.0,6.0,19.0,0 days 00:29:12.365000,1752365.0,2.0,1:35.745,1.0,0,18.0,18.0,2,3,Finished,27.477070499657767
,2025002,839,210,11.0,5.0,10.0,56.0,1:31:44.995,5504995,56.0,5.0,1:35.740,264.0,1,2025,2,17,2025-03-23,Chinese Grand Prix,31.3389,121.22,OCO,10.0,7,14.0,6,1:31.876,1:31.625,,18.0,16.0,0.0,19.0,0 days 00:29:39.817000,1779817.0,3.0,1:37.554,1.0,0,0.0,0.0,11,8,Finished,28.511978097193705
,2025002,863,131,8.0,6.0,8.0,56.0,1:31:48.774,5508774,56.0,12.0,1:36.046,265.0,1,2025,2,17,2025-03-23,Chinese Grand Prix,31.3389,121.22,ANT,22.0,5,57.0,2,1:31.676,1:31.590,1:31.103,7.0,7.0,2.0,19.0,0 days 00:29:21.508000,1761508.0,5.0,1:36.311,1.0,0,12.0,27.0,4,1,Finished,
,2025002,848,3,10.0,7.0,6.0,56.0,1:31:51.347,5511347,52.0,14.0,1:36.254,266.0,1,2025,2,17,2025-03-23,Chinese Grand Prix,31.3389,121.22,ALB,16.0,6,17.0,4,1:31.503,1:31.595,1:31.706,9.0,11.0,0.0,19.0,0 days 00:29:35.699000,1775699.0,7.0,1:37.344,1.0,0,10.0,10.0,5,4,Finished,28.999315537303218
,2025002,860,210,17.0,8.0,4.0,56.0,1:31:56.329,5516329,52.0,15.0,1:36.363,265.0,1,2025,2,17,2025-03-23,Chinese Grand Prix,31.3389,121.22,BEA,4.0,12,14.0,6,1:32.018,,,12.0,15.0,0.0,19.0,0 days 00:29:41.530000,1781530.0,3.0,1:37.135,1.0,0,0.0,0.0,11,8,Finished,19.874058863791923
,2025002,840,117,14.0,9.0,2.0,56.0,1:32:05.230,5525230,39.0,11.0,1:36.044,263.0,1,2025,2,17,2025-03-23,Chinese Grand Prix,31.3389,121.22,STR,10.0,7,10.0,7,1:31.923,1:31.773,,10.0,9.0,0.0,19.0,0 days 00:29:22.778000,1762778.0,4.0,1:36.435,1.0,0,8.0,8.0,6,5,Finished,26.39835728952772
,2025002,832,3,15.0,10.0,1.0,56.0,1:32:11.413,5531413,50.0,18.0,1:36.779,263.0,1,2025,2,17,2025-03-23,Chinese Grand Prix,31.3389,121.22,SAI,1.0,14,17.0,4,1:31.628,1:31.840,,13.0,17.0,0.0,19.0,0 days 00:29:46.730000,1786730.0,13.0,1:35.819,1.0,0,0.0,10.0,11,4,Finished,30.55715263518138
,2025002,865,215,7.0,11.0,0.0,56.0,1:32:13.901,5533901,35.0,7.0,1:35.868,262.0,1,2025,2,17,2025-03-23,Chinese Grand Prix,31.3389,121.22,HAD,0.0,15,3.0,9,1:31.162,1:31.253,1:31.079,15.0,13.0,0.0,19.0,0 days 00:29:36.402000,1776402.0,3.0,1:37.549,1.0,0,0.0,0.0,11,8,Finished,
,2025002,859,9,20.0,12.0,0.0,56.0,1:32:16.173,5536173,32.0,10.0,1:35.985,262.0,1,2025,2,17,2025-03-23,Chinese Grand Prix,31.3389,121.22,LAW,0.0,15,36.0,3,1:32.174,,,19.0,14.0,0.0,19.0,0 days 00:29:37.431000,1777431.0,4.0,1:37.163,1.0,0,0.0,18.0,11,3,Finished,23.110198494182068
,2025002,862,214,18.0,13.0,0.0,56.0,1:32:23.427,5543427,52.0,16.0,1:36.424,264.0,1,2025,2,17,2025-03-23,Chinese Grand Prix,31.3389,121.22,DOO,0.0,15,0.0,10,1:32.092,,,16.0,20.0,0.0,19.0,0 days 00:29:53.353000,1793353.0,3.0,1:37.686,1.0,0,0.0,0.0,11,8,Finished,22.171115674195757
,2025002,864,15,19.0,14.0,0.0,55.0,1:31:05.782,5465782,28.0,9.0,1:35.874,260.0,,2025,2,17,2025-03-23,Chinese Grand Prix,31.3389,121.22,BOR,0.0,15,6.0,8,1:32.141,,,14.0,18.0,0.0,19.0,0 days 00:29:48.467000,1788467.0,3.0,1:37.475,1.0,0,0.0,6.0,11,6,Unknown,
,2025002,807,15,12.0,15.0,0.0,55.0,1:31:15.252,5475252,35.0,19.0,1:37.275,260.0,,2025,2,17,2025-03-23,Chinese Grand Prix,31.3389,121.22,HUL,6.0,11,6.0,8,1:31.921,1:31.632,,20.0,19.0,0.0,19.0,0 days 00:29:47.852000,1787852.0,4.0,1:36.529,1.0,0,6.0,6.0,7,6,Unknown,37.59342915811088
,2025002,852,215,9.0,16.0,0.0,55.0,1:31:18.537,5478537,49.0,8.0,1:35.871,265.0,,2025,2,17,2025-03-23,Chinese Grand Prix,31.3389,121.22,TSU,3.0,13,3.0,9,1:31.238,1:31.260,1:31.638,8.0,6.0,3.0,19.0,0 days 00:29:21.106000,1761106.0,4.0,1:36.388,1.0,0,0.0,0.0,11,8,Unknown,24.865160848733744
,2025002,4,117,13.0,17.0,0.0,4.0,,,3.0,20.0,1:39.256,258.0,31,2025,2,17,2025-03-23,Chinese Grand Prix,31.3389,121.22,ALO,0.0,15,10.0,7,1:31.719,1:31.688,,11.0,10.0,0.0,19.0,0 days 00:29:34.894000,1774894.0,8.0,1:37.058,1.0,0,0.0,8.0,11,5,DNF,43.64955509924709
,2025002,844,6,6.0,18.0,0.0,0.0,,,49.0,13.0,1:36.157,265.0,2,2025,2,17,2025-03-23,Chinese Grand Prix,31.3389,121.22,LEC,8.0,10,17.0,4,1:31.579,1:31.450,1:31.021,4.0,5.0,4.0,19.0,0 days 00:29:11.862000,1751862.0,4.0,1:36.255,1.0,0,4.0,5.0,8,7,Disqualified,27.433264887063654
,2025002,1,6,5.0,19.0,0.0,0.0,,,41.0,1.0,1:35.069,264.0,2,2025,2,17,2025-03-23,Chinese Grand Prix,31.3389,121.22,HAM,9.0,9,17.0,4,1:31.690,1:31.501,1:30.927,1.0,1.0,8.0,19.0,0 days 00:29:03.332000,1743332.0,2.0,1:35.399,1.0,0,1.0,5.0,10,7,Disqualified,40.205338809034906
,2025002,842,214,16.0,20.0,0.0,0.0,,,49.0,17.0,1:36.425,263.0,2,2025,2,17,2025-03-23,Chinese Grand Prix,31.3389,121.22,GAS,0.0,15,0.0,10,1:31.992,,,17.0,12.0,0.0,19.0,0 days 00:29:34.572000,1774572.0,3.0,1:37.481,1.0,0,0.0,0.0,11,8,Disqualified,29.12251882272416
,2025003,830,9,1.0,1.0,25.0,53.0,1:22:06.983,4926983,52.0,3.0,1:31.041,269.0,1,2025,3,22,2025-04-06,Japanese Grand Prix,34.8431,136.541,VER,61.0,2,61.0,3,1:27.943,1:27.502,1:26.983,0.0,0.0,0.0,0.0,0 days 00:00:00,0.0,0.0,0,0.0,1,36.0,36.0,2,3,Finished,27.515400410677618
,2025003,846,1,2.0,2.0,18.0,53.0,1:22:08.406,4928406,51.0,5.0,1:31.116,271.0,1,2025,3,22,2025-04-06,Japanese Grand Prix,34.8431,136.541,NOR,62.0,1,111.0,1,1:27.845,1:27.146,1:26.995,0.0,0.0,0.0,0.0,0 days 00:00:00,0.0,0.0,0,0.0,1,44.0,78.0,1,1,Finished,25.39630390143737
,2025003,857,1,3.0,3.0,15.0,53.0,1:22:09.112,4929112,53.0,2.0,1:31.039,271.0,1,2025,3,22,2025-04-06,Japanese Grand Prix,34.8431,136.541,PIA,49.0,3,111.0,1,1:27.687,1:27.507,1:27.027,0.0,0.0,0.0,0.0,0 days 00:00:00,0.0,0.0,0,0.0,1,34.0,78.0,4,1,Finished,24.0
,2025003,844,6,4.0,4.0,12.0,53.0,1:22:23.080,4943080,47.0,10.0,1:31.469,269.0,1,2025,3,22,2025-04-06,Japanese Grand Prix,34.8431,136.541,LEC,20.0,6,35.0,4,1:27.920,1:27.555,1:27.299,0.0,0.0,0.0,0.0,0 days 00:00:00,0.0,0.0,0,0.0,0,8.0,17.0,10,4,Finished,27.471594798083505
,2025003,847,131,5.0,5.0,10.0,53.0,1:22:24.345,4944345,51.0,8.0,1:31.357,272.0,1,2025,3,22,2025-04-06,Japanese Grand Prix,34.8431,136.541,RUS,45.0,4,75.0,2,1:27.843,1:27.400,1:27.318,0.0,0.0,0.0,0.0,0 days 00:00:00,0.0,0.0,0,0.0,0,35.0,57.0,3,2,Finished,27.137577002053387
,2025003,863,131,6.0,6.0,8.0,53.0,1:22:25.654,4945654,50.0,1.0,1:30.965,269.0,1,2025,3,22,2025-04-06,Japanese Grand Prix,34.8431,136.541,ANT,30.0,5,75.0,2,1:27.968,1:27.639,1:27.555,0.0,0.0,0.0,0.0,0 days 00:00:00,0.0,0.0,0,0.0,0,22.0,57.0,5,2,Finished,
,2025003,1,6,8.0,7.0,6.0,53.0,1:22:36.165,4956165,51.0,9.0,1:31.406,269.0,1,2025,3,22,2025-04-06,Japanese Grand Prix,34.8431,136.541,HAM,15.0,8,35.0,4,1:27.942,1:27.610,1:27.610,0.0,0.0,0.0,0.0,0 days 00:00:00,0.0,0.0,0,0.0,0,9.0,17.0,9,4,Finished,40.24366872005476
,2025003,865,215,7.0,8.0,4.0,53.0,1:22:44.117,4964117,52.0,7.0,1:31.317,268.0,1,2025,3,22,2025-04-06,Japanese Grand Prix,34.8431,136.541,HAD,4.0,13,7.0,8,1:28.278,1:27.775,1:27.569,0.0,0.0,0.0,0.0,0 days 00:00:00,0.0,0.0,0,0.0,0,0.0,3.0,15,9,Finished,
,2025003,848,3,9.0,9.0,2.0,53.0,1:22:47.350,4967350,52.0,6.0,1:31.125,270.0,1,2025,3,22,2025-04-06,Japanese Grand Prix,34.8431,136.541,ALB,18.0,7,19.0,5,1:28.218,1:27.783,1:27.615,0.0,0.0,0.0,0.0,0 days 00:00:00,0.0,0.0,0,0.0,0,16.0,17.0,6,4,Finished,29.037645448323065
,2025003,860,210,10.0,10.0,1.0,53.0,1:23:01.512,4981512,49.0,15.0,1:32.006,267.0,1,2025,3,22,2025-04-06,Japanese Grand Prix,34.8431,136.541,BEA,5.0,12,15.0,6,1:28.228,1:27.711,1:27.867,0.0,0.0,0.0,0.0,0 days 00:00:00,0.0,0.0,0,0.0,0,4.0,14.0,12,6,Finished,19.912388774811774
,2025003,4,117,12.0,11.0,0.0,53.0,1:23:04.316,4984316,51.0,11.0,1:31.770,269.0,1,2025,3,22,2025-04-06,Japanese Grand Prix,34.8431,136.541,ALO,0.0,16,10.0,7,1:28.337,1:27.897,,0.0,0.0,0.0,0.0,0 days 00:00:00,0.0,0.0,0,0.0,0,0.0,10.0,15,7,Finished,43.68788501026694
,2025003,852,9,14.0,12.0,0.0,53.0,1:23:05.384,4985384,51.0,13.0,1:31.871,269.0,1,2025,3,22,2025-04-06,Japanese Grand Prix,34.8431,136.541,TSU,3.0,14,61.0,3,1:27.967,1:28.000,,0.0,0.0,0.0,0.0,0 days 00:00:00,0.0,0.0,0,0.0,0,3.0,36.0,13,3,Finished,24.903490759753595
,2025003,842,214,11.0,13.0,0.0,53.0,1:23:09.105,4989105,52.0,12.0,1:31.820,269.0,1,2025,3,22,2025-04-06,Japanese Grand Prix,34.8431,136.541,GAS,0.0,16,0.0,10,1:28.186,1:27.822,,0.0,0.0,0.0,0.0,0 days 00:00:00,0.0,0.0,0,0.0,0,0.0,0.0,15,10,Finished,29.16084873374401
,2025003,832,3,15.0,14.0,0.0,53.0,1:23:21.112,5001112,36.0,4.0,1:31.106,267.0,1,2025,3,22,2025-04-06,Japanese Grand Prix,34.8431,136.541,SAI,1.0,15,19.0,5,1:28.209,1:27.836,,0.0,0.0,0.0,0.0,0 days 00:00:00,0.0,0.0,0,0.0,0,1.0,17.0,14,4,Finished,30.595482546201232
,2025003,862,214,19.0,15.0,0.0,53.0,1:23:28.297,5008297,47.0,20.0,1:32.685,267.0,1,2025,3,22,2025-04-06,Japanese Grand Prix,34.8431,136.541,DOO,0.0,16,0.0,10,1:28.877,,,0.0,0.0,0.0,0.0,0 days 00:00:00,0.0,0.0,0,0.0,0,0.0,0.0,15,10,Finished,22.209445585215605
,2025003,807,15,16.0,16.0,0.0,53.0,1:23:28.940,5008940,31.0,19.0,1:32.572,267.0,1,2025,3,22,2025-04-06,Japanese Grand Prix,34.8431,136.541,HUL,6.0,11,6.0,9,1:28.570,,,0.0,0.0,0.0,0.0,0 days 00:00:00,0.0,0.0,0,0.0,0,6.0,6.0,11,8,Finished,37.63175906913073
,2025003,859,215,13.0,17.0,0.0,53.0,1:23:29.717,5009717,39.0,17.0,1:32.043,267.0,1,2025,3,22,2025-04-06,Japanese Grand Prix,34.8431,136.541,LAW,0.0,16,7.0,8,1:28.554,1:27.906,,0.0,0.0,0.0,0.0,0 days 00:00:00,0.0,0.0,0,0.0,0,0.0,3.0,15,9,Finished,23.148528405201915
,2025003,839,210,18.0,18.0,0.0,53.0,1:23:30.421,5010421,48.0,14.0,1:31.967,268.0,1,2025,3,22,2025-04-06,Japanese Grand Prix,34.8431,136.541,OCO,10.0,9,15.0,6,1:28.696,,,0.0,0.0,0.0,0.0,0 days 00:00:00,0.0,0.0,0,0.0,0,10.0,14.0,7,6,Finished,28.550308008213552
,2025003,864,15,17.0,19.0,0.0,53.0,1:23:30.880,5010880,45.0,16.0,1:32.034,275.0,1,2025,3,22,2025-04-06,Japanese Grand Prix,34.8431,136.541,BOR,0.0,16,6.0,9,1:28.622,,,0.0,0.0,0.0,0.0,0 days 00:00:00,0.0,0.0,0,0.0,0,0.0,6.0,15,8,Finished,
,2025003,840,117,20.0,20.0,0.0,52.0,1:22:19.912,4939912,52.0,18.0,1:32.052,268.0,,2025,3,22,2025-04-06,Japanese Grand Prix,34.8431,136.541,STR,10.0,9,10.0,7,1:29.271,,,0.0,0.0,0.0,0.0,0 days 00:00:00,0.0,0.0,0,0.0,0,10.0,10.0,7,7,Unknown,26.43668720054757
,2025004,857,1,1.0,1.0,25.0,57.0,1:35:39.435,5739435,36.0,1.0,1:35.140,280.0,1,2025,4,3,2025-04-13,Bahrain Grand Prix,26.0325,50.5106,PIA,74.0,2,151.0,1,1:31.392,1:30.454,1:29.841,0.0,0.0,0.0,0.0,0 days 00:00:00,0.0,0.0,0,0.0,1,49.0,111.0,3,1,Finished,24.019164955509925
,2025004,847,131,3.0,2.0,18.0,57.0,1:35:54.934,5754934,36.0,2.0,1:35.518,284.0,1,2025,4,3,2025-04-13,Bahrain Grand Prix,26.0325,50.5106,RUS,63.0,4,93.0,2,1:31.494,1:30.664,1:30.009,0.0,0.0,0.0,0.0,0 days 00:00:00,0.0,0.0,0,0.0,1,45.0,75.0,4,2,Finished,27.156741957563312
,2025004,846,1,6.0,3.0,15.0,57.0,1:35:55.708,5755708,38.0,3.0,1:35.728,282.0,1,2025,4,3,2025-04-13,Bahrain Grand Prix,26.0325,50.5106,NOR,77.0,1,151.0,1,1:31.107,1:30.560,1:30.267,0.0,0.0,0.0,0.0,0 days 00:00:00,0.0,0.0,0,0.0,1,62.0,111.0,1,1,Finished,25.415468856947296
,2025004,844,6,2.0,4.0,12.0,57.0,1:35:59.114,5759114,36.0,4.0,1:36.132,284.0,1,2025,4,3,2025-04-13,Bahrain Grand Prix,26.0325,50.5106,LEC,32.0,5,57.0,4,1:31.454,1:30.724,1:30.175,0.0,0.0,0.0,0.0,0 days 00:00:00,0.0,0.0,0,0.0,0,20.0,35.0,6,4,Finished,27.49075975359343
,2025004,1,6,9.0,5.0,10.0,57.0,1:36:07.428,5767428,37.0,6.0,1:36.235,284.0,1,2025,4,3,2025-04-13,Bahrain Grand Prix,26.0325,50.5106,HAM,25.0,7,57.0,4,1:31.219,1:31.009,1:30.772,0.0,0.0,0.0,0.0,0 days 00:00:00,0.0,0.0,0,0.0,0,15.0,35.0,8,4,Finished,40.26283367556468
,2025004,830,9,7.0,6.0,8.0,57.0,1:36:13.830,5773830,29.0,5.0,1:36.167,283.0,1,2025,4,3,2025-04-13,Bahrain Grand Prix,26.0325,50.5106,VER,69.0,3,71.0,3,1:31.303,1:31.019,1:30.423,0.0,0.0,0.0,0.0,0 days 00:00:00,0.0,0.0,0,0.0,0,61.0,61.0,2,3,Finished,27.534565366187543
,2025004,842,214,4.0,7.0,6.0,57.0,1:36:15.437,5775437,39.0,7.0,1:36.531,281.0,1,2025,4,3,2025-04-13,Bahrain Grand Prix,26.0325,50.5106,GAS,6.0,11,6.0,9,1:31.462,1:30.643,1:30.216,0.0,0.0,0.0,0.0,0 days 00:00:00,0.0,0.0,0,0.0,0,0.0,0.0,16,10,Finished,29.180013689253936
,2025004,839,210,14.0,8.0,4.0,57.0,1:36:23.679,5783679,30.0,12.0,1:37.098,290.0,1,2025,4,3,2025-04-13,Bahrain Grand Prix,26.0325,50.5106,OCO,14.0,9,20.0,5,1:31.594,,,0.0,0.0,0.0,0.0,0 days 00:00:00,0.0,0.0,0,0.0,0,10.0,15.0,9,6,Finished,28.569472963723477
,2025004,852,9,10.0,9.0,2.0,57.0,1:36:24.496,5784496,45.0,14.0,1:37.225,281.0,1,2025,4,3,2025-04-13,Bahrain Grand Prix,26.0325,50.5106,TSU,5.0,14,71.0,3,1:31.751,1:31.228,1:31.303,0.0,0.0,0.0,0.0,0 days 00:00:00,0.0,0.0,0,0.0,0,3.0,61.0,14,3,Finished,24.922655715263517
,2025004,860,210,20.0,10.0,1.0,57.0,1:36:27.029,5787029,40.0,15.0,1:37.303,289.0,1,2025,4,3,2025-04-13,Bahrain Grand Prix,26.0325,50.5106,BEA,6.0,11,20.0,5,1:32.373,,,0.0,0.0,0.0,0.0,0 days 00:00:00,0.0,0.0,0,0.0,0,5.0,15.0,12,6,Finished,19.9315537303217
,2025004,863,131,5.0,11.0,0.0,57.0,1:36:27.451,5787451,29.0,9.0,1:36.690,284.0,1,2025,4,3,2025-04-13,Bahrain Grand Prix,26.0325,50.5106,ANT,30.0,6,93.0,2,1:31.415,1:30.716,1:30.213,0.0,0.0,0.0,0.0,0 days 00:00:00,0.0,0.0,0,0.0,0,30.0,75.0,5,2,Finished,
,2025004,848,3,15.0,12.0,0.0,57.0,1:36:28.274,5788274,47.0,13.0,1:37.141,290.0,1,2025,4,3,2025-04-13,Bahrain Grand Prix,26.0325,50.5106,ALB,18.0,8,19.0,6,1:32.040,,,0.0,0.0,0.0,0.0,0 days 00:00:00,0.0,0.0,0,0.0,0,18.0,19.0,7,5,Finished,29.05681040383299
,2025004,865,215,12.0,13.0,0.0,57.0,1:36:35.749,5795749,30.0,10.0,1:36.952,282.0,1,2025,4,3,2025-04-13,Bahrain Grand Prix,26.0325,50.5106,HAD,4.0,15,7.0,8,1:31.591,1:31.271,,0.0,0.0,0.0,0.0,0 days 00:00:00,0.0,0.0,0,0.0,0,4.0,7.0,13,8,Finished,
,2025004,862,214,11.0,14.0,0.0,57.0,1:36:37.241,5797241,31.0,8.0,1:36.682,279.0,1,2025,4,3,2025-04-13,Bahrain Grand Prix,26.0325,50.5106,DOO,0.0,17,6.0,9,1:31.414,1:31.245,,0.0,0.0,0.0,0.0,0 days 00:00:00,0.0,0.0,0,0.0,0,0.0,0.0,16,10,Finished,22.22861054072553
,2025004,4,117,13.0,15.0,0.0,57.0,1:36:39.775,5799775,38.0,18.0,1:37.906,289.0,1,2025,4,3,2025-04-13,Bahrain Grand Prix,26.0325,50.5106,ALO,0.0,17,10.0,7,1:31.634,1:31.886,,0.0,0.0,0.0,0.0,0 days 00:00:00,0.0,0.0,0,0.0,0,0.0,10.0,16,7,Finished,43.70704996577687
,2025004,859,215,17.0,16.0,0.0,57.0,1:36:43.870,5803870,44.0,17.0,1:37.380,284.0,1,2025,4,3,2025-04-13,Bahrain Grand Prix,26.0325,50.5106,LAW,0.0,17,7.0,8,1:32.165,,,0.0,0.0,0.0,0.0,0 days 00:00:00,0.0,0.0,0,0.0,0,0.0,7.0,16,8,Finished,23.16769336071184
,2025004,840,117,19.0,17.0,0.0,57.0,1:36:44.924,5804924,38.0,20.0,1:38.064,288.0,1,2025,4,3,2025-04-13,Bahrain Grand Prix,26.0325,50.5106,STR,10.0,10,10.0,7,1:32.283,,,0.0,0.0,0.0,0.0,0 days 00:00:00,0.0,0.0,0,0.0,0,10.0,10.0,9,7,Finished,26.455852156057496
,2025004,864,15,18.0,18.0,0.0,57.0,1:36:46.307,5806307,38.0,19.0,1:38.006,293.0,1,2025,4,3,2025-04-13,Bahrain Grand Prix,26.0325,50.5106,BOR,0.0,17,6.0,9,1:32.186,,,0.0,0.0,0.0,0.0,0 days 00:00:00,0.0,0.0,0,0.0,0,0.0,6.0,16,9,Finished,
,2025004,832,3,8.0,19.0,0.0,45.0,,,16.0,11.0,1:36.954,280.0,31,2025,4,3,2025-04-13,Bahrain Grand Prix,26.0325,50.5106,SAI,1.0,16,19.0,6,1:31.591,1:30.844,1:30.680,0.0,0.0,0.0,0.0,0 days 00:00:00,0.0,0.0,0,0.0,0,1.0,19.0,15,5,DNF,30.614647501711158
,2025004,807,15,16.0,20.0,0.0,0.0,,,30.0,16.0,1:37.338,282.0,2,2025,4,3,2025-04-13,Bahrain Grand Prix,26.0325,50.5106,HUL,6.0,11,6.0,9,1:32.067,,,0.0,0.0,0.0,0.0,0 days 00:00:00,0.0,0.0,0,0.0,0,6.0,6.0,11,9,Disqualified,37.65092402464066
,2025005,857,1,2.0,1.0,25.0,50.0,1:21:06.758,4866758,50.0,3.0,1:32.228,297.0,1,2025,5,77,2025-04-20,Saudi Arabian Grand Prix,21.6319,39.1044,PIA,99.0,1,188.0,1,1:27.901,1:27.545,1:27.304,0.0,0.0,0.0,0.0,0 days 00:00:00,0.0,0.0,0,0.0,1,74.0,151.0,2,1,Finished,24.03832991101985
,2025005,830,9,1.0,2.0,18.0,50.0,1:21:09.601,4869601,49.0,4.0,1:32.280,300.0,1,2025,5,77,2025-04-20,Saudi Arabian Grand Prix,21.6319,39.1044,VER,87.0,3,89.0,3,1:27.778,1:27.529,1:27.294,0.0,0.0,0.0,0.0,0 days 00:00:00,0.0,0.0,0,0.0,1,69.0,71.0,3,3,Finished,27.55373032169747
,2025005,844,6,4.0,3.0,15.0,50.0,1:21:14.862,4874862,49.0,2.0,1:32.192,301.0,1,2025,5,77,2025-04-20,Saudi Arabian Grand Prix,21.6319,39.1044,LEC,47.0,5,78.0,4,1:28.552,1:27.866,1:27.670,0.0,0.0,0.0,0.0,0 days 00:00:00,0.0,0.0,0,0.0,1,32.0,57.0,5,4,Finished,27.509924709103355
,2025005,846,1,10.0,4.0,12.0,50.0,1:21:15.954,4875954,41.0,1.0,1:31.778,300.0,1,2025,5,77,2025-04-20,Saudi Arabian Grand Prix,21.6319,39.1044,NOR,89.0,2,188.0,1,1:27.805,1:27.481,,0.0,0.0,0.0,0.0,0 days 00:00:00,0.0,0.0,0,0.0,0,77.0,151.0,1,1,Finished,25.43463381245722
,2025005,847,131,3.0,5.0,10.0,50.0,1:21:33.994,4893994,32.0,9.0,1:32.893,298.0,1,2025,5,77,2025-04-20,Saudi Arabian Grand Prix,21.6319,39.1044,RUS,73.0,4,111.0,2,1:28.282,1:27.599,1:27.407,0.0,0.0,0.0,0.0,0 days 00:00:00,0.0,0.0,0,0.0,0,63.0,93.0,4,2,Finished,27.175906913073238
,2025005,863,131,5.0,6.0,8.0,50.0,1:21:41.446,4901446,50.0,5.0,1:32.396,299.0,1,2025,5,77,2025-04-20,Saudi Arabian Grand Prix,21.6319,39.1044,ANT,38.0,6,111.0,2,1:28.128,1:27.798,1:27.866,0.0,0.0,0.0,0.0,0 days 00:00:00,0.0,0.0,0,0.0,0,30.0,93.0,6,2,Finished,
,2025005,1,6,7.0,7.0,6.0,50.0,1:21:45.831,4905831,43.0,7.0,1:32.600,300.0,1,2025,5,77,2025-04-20,Saudi Arabian Grand Prix,21.6319,39.1044,HAM,31.0,7,78.0,4,1:28.372,1:28.102,1:28.201,0.0,0.0,0.0,0.0,0 days 00:00:00,0.0,0.0,0,0.0,0,25.0,57.0,7,4,Finished,40.28199863107461
,2025005,832,3,6.0,8.0,4.0,50.0,1:22:11.388,4931388,50.0,6.0,1:32.466,302.0,1,2025,5,77,2025-04-20,Saudi Arabian Grand Prix,21.6319,39.1044,SAI,5.0,14,25.0,5,1:28.354,1:28.024,1:28.164,0.0,0.0,0.0,0.0,0 days 00:00:00,0.0,0.0,0,0.0,0,1.0,19.0,16,6,Finished,30.633812457221083
,2025005,848,3,11.0,9.0,2.0,50.0,1:22:13.273,4933273,47.0,16.0,1:33.477,311.0,1,2025,5,77,2025-04-20,Saudi Arabian Grand Prix,21.6319,39.1044,ALB,20.0,8,25.0,5,1:28.279,1:28.109,,0.0,0.0,0.0,0.0,0 days 00:00:00,0.0,0.0,0,0.0,0,18.0,19.0,8,6,Finished,29.075975359342916
,2025005,865,215,14.0,10.0,1.0,50.0,1:22:13.849,4933849,39.0,14.0,1:33.257,305.0,1,2025,5,77,2025-04-20,Saudi Arabian Grand Prix,21.6319,39.1044,HAD,5.0,14,8.0,8,1:28.571,1:28.418,,0.0,0.0,0.0,0.0,0 days 00:00:00,0.0,0.0,0,0.0,0,4.0,7.0,15,8,Finished,
,2025005,4,117,13.0,11.0,0.0,50.0,1:22:22.675,4942675,49.0,11.0,1:33.009,296.0,1,2025,5,77,2025-04-20,Saudi Arabian Grand Prix,21.6319,39.1044,ALO,0.0,17,10.0,7,1:28.548,1:28.303,,0.0,0.0,0.0,0.0,0 days 00:00:00,0.0,0.0,0,0.0,0,0.0,10.0,17,7,Finished,43.72621492128679
,2025005,859,215,12.0,12.0,0.0,50.0,1:22:25.209,4945209,43.0,10.0,1:32.998,301.0,1,2025,5,77,2025-04-20,Saudi Arabian Grand Prix,21.6319,39.1044,LAW,0.0,17,8.0,8,1:28.561,1:28.191,,0.0,0.0,0.0,0.0,0 days 00:00:00,0.0,0.0,0,0.0,0,0.0,7.0,17,8,Finished,23.186858316221766
,2025005,860,210,15.0,13.0,0.0,50.0,1:22:25.952,4945952,50.0,13.0,1:33.238,290.0,1,2025,5,77,2025-04-20,Saudi Arabian Grand Prix,21.6319,39.1044,BEA,6.0,11,20.0,6,1:28.536,1:28.648,,0.0,0.0,0.0,0.0,0 days 00:00:00,0.0,0.0,0,0.0,0,6.0,20.0,11,5,Finished,19.95071868583162
,2025005,839,210,19.0,14.0,0.0,50.0,1:22:46.481,4966481,47.0,17.0,1:34.309,298.0,1,2025,5,77,2025-04-20,Saudi Arabian Grand Prix,21.6319,39.1044,OCO,14.0,9,20.0,6,1:29.092,,,0.0,0.0,0.0,0.0,0 days 00:00:00,0.0,0.0,0,0.0,0,14.0,20.0,9,5,Finished,28.588637919233403
,2025005,807,15,18.0,15.0,0.0,49.0,1:21:11.367,4871367,39.0,15.0,1:33.446,303.0,,2025,5,77,2025-04-20,Saudi Arabian Grand Prix,21.6319,39.1044,HUL,6.0,11,6.0,9,1:28.782,,,0.0,0.0,0.0,0.0,0 days 00:00:00,0.0,0.0,0,0.0,0,6.0,6.0,11,9,Unknown,37.67008898015058
,2025005,840,117,16.0,16.0,0.0,49.0,1:21:12.285,4872285,44.0,8.0,1:32.745,300.0,,2025,5,77,2025-04-20,Saudi Arabian Grand Prix,21.6319,39.1044,STR,10.0,10,10.0,7,1:28.645,,,0.0,0.0,0.0,0.0,0 days 00:00:00,0.0,0.0,0,0.0,0,10.0,10.0,10,7,Unknown,26.47501711156742
,2025005,862,214,17.0,17.0,0.0,49.0,1:21:26.022,4886022,48.0,12.0,1:33.150,302.0,,2025,5,77,2025-04-20,Saudi Arabian Grand Prix,21.6319,39.1044,DOO,0.0,17,6.0,9,1:28.739,,,0.0,0.0,0.0,0.0,0 days 00:00:00,0.0,0.0,0,0.0,0,0.0,6.0,17,9,Unknown,22.247775496235455
,2025005,864,15,20.0,18.0,0.0,49.0,1:21:26.064,4886064,39.0,18.0,1:34.447,302.0,,2025,5,77,2025-04-20,Saudi Arabian Grand Prix,21.6319,39.1044,BOR,0.0,17,6.0,9,1:29.462,,,0.0,0.0,0.0,0.0,0 days 00:00:00,0.0,0.0,0,0.0,0,0.0,6.0,17,9,Unknown,
,2025005,852,9,8.0,19.0,0.0,1.0,,,1.0,19.0,2:45.662,,31,2025,5,77,2025-04-20,Saudi Arabian Grand Prix,21.6319,39.1044,TSU,5.0,14,89.0,3,1:28.226,1:27.990,1:28.204,0.0,0.0,0.0,0.0,0 days 00:00:00,0.0,0.0,0,0.0,0,5.0,71.0,14,3,DNF,24.941820670773442
,2025005,842,214,9.0,20.0,0.0,0.0,,,,,,,31,2025,5,77,2025-04-20,Saudi Arabian Grand Prix,21.6319,39.1044,GAS,6.0,11,6.0,9,1:28.421,1:28.025,1:28.367,0.0,0.0,0.0,0.0,0 days 00:00:00,0.0,0.0,0,0.0,0,6.0,6.0,11,9,DNF,29.19917864476386
,2025006,857,1,4.0,1.0,25.0,57.0,1:28:51.587,5331587,35.0,2.0,1:29.822,280.0,1,2025,6,79,2025-05-04,Miami Grand Prix,25.9581,-80.2389,PIA,131.0,1,246.0,1,1:27.006,1:26.269,1:26.375,2.0,2.0,7.0,18.0,0 days 00:25:59.463000,1559463.0,7.0,1:40.238,1.0,1,99.0,188.0,1,1,Finished,24.076659822039698
,2025006,846,1,2.0,2.0,18.0,57.0,1:28:56.217,5336217,36.0,1.0,1:29.746,281.0,1,2025,6,79,2025-05-04,Miami Grand Prix,25.9581,-80.2389,NOR,115.0,2,246.0,1,1:26.955,1:26.499,1:26.269,3.0,1.0,8.0,18.0,0 days 00:25:40.449000,1540449.0,4.0,1:40.334,1.0,1,89.0,188.0,2,1,Finished,25.472963723477072
,2025006,847,131,5.0,3.0,15.0,57.0,1:29:29.231,5369231,31.0,3.0,1:30.318,279.0,1,2025,6,79,2025-05-04,Miami Grand Prix,25.9581,-80.2389,RUS,93.0,4,141.0,2,1:27.014,1:26.575,1:26.385,5.0,4.0,5.0,18.0,0 days 00:28:33.810000,1713810.0,6.0,1:40.963,1.0,1,73.0,111.0,4,2,Finished,27.21423682409309
,2025006,830,9,1.0,4.0,12.0,57.0,1:29:31.543,5371543,41.0,5.0,1:30.466,281.0,1,2025,6,79,2025-05-04,Miami Grand Prix,25.9581,-80.2389,VER,99.0,3,105.0,3,1:26.870,1:26.643,1:26.204,4.0,17.0,0.0,18.0,0 days 00:26:03.716000,1563716.0,5.0,1:40.697,1.0,0,87.0,89.0,3,3,Finished,27.592060232717316
,2025006,848,3,7.0,5.0,10.0,57.0,1:29:39.654,5379654,55.0,6.0,1:30.482,284.0,1,2025,6,79,2025-05-04,Miami Grand Prix,25.9581,-80.2389,ALB,30.0,8,37.0,5,1:27.042,1:26.855,1:26.682,8.0,11.0,0.0,18.0,0 days 00:28:31.743000,1711743.0,7.0,1:41.699,1.0,0,20.0,25.0,8,5,Finished,29.114305270362767
,2025006,863,131,3.0,6.0,8.0,57.0,1:29:47.089,5387089,27.0,9.0,1:30.795,280.0,1,2025,6,79,2025-05-04,Miami Grand Prix,25.9581,-80.2389,ANT,48.0,6,141.0,2,1:27.077,1:26.606,1:26.271,1.0,7.0,2.0,18.0,0 days 00:28:37.279000,1717279.0,6.0,1:41.012,1.0,0,38.0,111.0,6,2,Finished,
,2025006,844,6,8.0,7.0,6.0,57.0,1:29:48.623,5388623,35.0,4.0,1:30.461,280.0,1,2025,6,79,2025-05-04,Miami Grand Prix,25.9581,-80.2389,LEC,53.0,5,94.0,4,1:27.417,1:26.948,1:26.754,6.0,20.0,0.0,0.0,0 days 00:00:00,0.0,0.0,0,31.0,0,47.0,78.0,5,4,Finished,27.548254620123203
,2025006,1,6,12.0,8.0,4.0,57.0,1:29:51.773,5391773,35.0,7.0,1:30.562,285.0,1,2025,6,79,2025-05-04,Miami Grand Prix,25.9581,-80.2389,HAM,41.0,7,94.0,4,1:27.279,1:27.006,,7.0,3.0,6.0,18.0,0 days 00:25:59.990000,1559990.0,13.0,1:36.368,1.0,0,31.0,78.0,7,4,Finished,40.32032854209446
,2025006,832,3,6.0,9.0,2.0,57.0,1:29:52.164,5392164,35.0,8.0,1:30.703,286.0,1,2025,6,79,2025-05-04,Miami Grand Prix,25.9581,-80.2389,SAI,7.0,12,37.0,5,1:27.098,1:26.847,1:26.569,15.0,19.0,0.0,12.0,0 days 00:16:09.981000,969981.0,5.0,1:42.638,31.0,0,5.0,25.0,14,5,Finished,30.67214236824093
,2025006,852,9,10.0,10.0,1.0,57.0,1:30:06.021,5406021,55.0,10.0,1:30.964,281.0,1,2025,6,79,2025-05-04,Miami Grand Prix,25.9581,-80.2389,TSU,9.0,11,105.0,3,1:27.298,1:26.959,1:26.943,20.0,6.0,3.0,18.0,0 days 00:30:22.528000,1822528.0,13.0,1:38.078,1.0,0,5.0,89.0,14,3,Finished,24.980150581793293
,2025006,865,215,11.0,11.0,0.0,57.0,1:30:06.189,5406189,51.0,11.0,1:30.971,281.0,1,2025,6,79,2025-05-04,Miami Grand Prix,25.9581,-80.2389,HAD,5.0,16,8.0,8,1:27.301,1:26.987,,9.0,10.0,0.0,18.0,0 days 00:28:34.585000,1714585.0,6.0,1:42.260,1.0,0,5.0,8.0,14,8,Finished,
,2025006,839,210,9.0,12.0,0.0,57.0,1:30:13.593,5413593,30.0,13.0,1:31.122,286.0,1,2025,6,79,2025-05-04,Miami Grand Prix,25.9581,-80.2389,OCO,14.0,9,20.0,6,1:27.450,1:26.967,1:26.824,12.0,12.0,0.0,18.0,0 days 00:31:00.833000,1860833.0,6.0,1:42.550,1.0,0,14.0,20.0,9,6,Finished,28.62696783025325
,2025006,842,214,20.0,13.0,0.0,57.0,1:30:22.032,5422032,35.0,14.0,1:31.159,280.0,1,2025,6,79,2025-05-04,Miami Grand Prix,25.9581,-80.2389,GAS,7.0,12,7.0,9,1:27.710,,,13.0,8.0,1.0,18.0,0 days 00:30:54.260000,1854260.0,7.0,1:42.694,1.0,0,6.0,6.0,11,9,Finished,29.23750855578371
,2025006,807,15,16.0,14.0,0.0,56.0,1:28:52.742,5332742,43.0,12.0,1:31.015,281.0,,2025,6,79,2025-05-04,Miami Grand Prix,25.9581,-80.2389,HUL,6.0,14,6.0,10,1:27.473,,,11.0,9.0,0.0,18.0,0 days 00:31:00.420000,1860420.0,5.0,1:42.871,1.0,0,6.0,6.0,11,9,Unknown,37.70841889117043
,2025006,4,117,17.0,15.0,0.0,56.0,1:29:12.566,5352566,38.0,15.0,1:31.287,284.0,,2025,6,79,2025-05-04,Miami Grand Prix,25.9581,-80.2389,ALO,0.0,17,14.0,7,1:27.604,,,10.0,18.0,0.0,13.0,0 days 00:19:40.957000,1180957.0,7.0,1:41.782,31.0,0,0.0,10.0,17,7,Unknown,43.76454483230664
,2025006,840,117,18.0,16.0,0.0,56.0,1:29:16.749,5356749,50.0,16.0,1:31.769,280.0,,2025,6,79,2025-05-04,Miami Grand Prix,25.9581,-80.2389,STR,14.0,9,14.0,7,1:27.830,,,16.0,5.0,4.0,18.0,0 days 00:30:44.245000,1844245.0,13.0,1:36.839,1.0,0,10.0,10.0,10,7,Unknown,26.51334702258727
,2025006,859,215,15.0,17.0,0.0,36.0,,,30.0,17.0,1:31.770,280.0,31,2025,6,79,2025-05-04,Miami Grand Prix,25.9581,-80.2389,LAW,0.0,17,8.0,8,1:27.444,1:27.363,,14.0,13.0,0.0,18.0,0 days 00:30:49.958000,1849958.0,7.0,1:41.922,1.0,0,0.0,8.0,17,8,DNF,23.225188227241617
,2025006,864,15,13.0,18.0,0.0,30.0,,,21.0,18.0,1:32.328,279.0,31,2025,6,79,2025-05-04,Miami Grand Prix,25.9581,-80.2389,BOR,0.0,17,6.0,10,1:27.343,1:27.151,,18.0,15.0,0.0,18.0,0 days 00:30:43.584000,1843584.0,6.0,1:42.989,1.0,0,0.0,6.0,17,9,DNF,
,2025006,860,210,19.0,19.0,0.0,27.0,,,24.0,19.0,1:32.680,278.0,31,2025,6,79,2025-05-04,Miami Grand Prix,25.9581,-80.2389,BEA,6.0,14,20.0,6,1:27.999,,,19.0,14.0,0.0,18.0,0 days 00:30:22.620000,1822620.0,5.0,1:42.237,1.0,0,6.0,20.0,11,6,DNF,19.98904859685147
,2025006,862,214,14.0,20.0,0.0,0.0,,,,,,,31,2025,6,79,2025-05-04,Miami Grand Prix,25.9581,-80.2389,DOO,0.0,17,7.0,9,1:27.422,1:27.186,,17.0,16.0,0.0,18.0,0 days 00:30:45.991000,1845991.0,7.0,1:43.076,1.0,0,0.0,6.0,17,9,DNF,22.286105407255306
,2025007,830,9,2.0,1.0,25.0,63.0,1:31:33.199,5493199,58.0,1.0,1:17.988,277.0,1,2025,7,21,2025-05-18,Emilia Romagna Grand Prix,44.3439,11.7167,VER,124.0,3,131.0,3,1:15.175,1:15.394,1:14.704,0.0,0.0,0.0,0.0,0 days 00:00:00,0.0,0.0,0,0.0,1,99.0,105.0,3,3,Finished,27.630390143737166
,2025007,846,1,4.0,2.0,18.0,63.0,1:31:39.308,5499308,63.0,4.0,1:18.311,277.0,1,2025,7,21,2025-05-18,Emilia Romagna Grand Prix,44.3439,11.7167,NOR,133.0,2,279.0,1,1:15.894,1:15.261,1:14.962,0.0,0.0,0.0,0.0,0 days 00:00:00,0.0,0.0,0,0.0,1,115.0,246.0,2,1,Finished,25.51129363449692
,2025007,857,1,1.0,3.0,15.0,63.0,1:31:46.155,5506155,56.0,5.0,1:18.894,276.0,1,2025,7,21,2025-05-18,Emilia Romagna Grand Prix,44.3439,11.7167,PIA,146.0,1,279.0,1,1:15.500,1:15.214,1:14.670,0.0,0.0,0.0,0.0,0 days 00:00:00,0.0,0.0,0,0.0,1,131.0,246.0,1,1,Finished,24.11498973305955
,2025007,1,6,12.0,4.0,12.0,63.0,1:31:47.555,5507555,61.0,2.0,1:18.265,278.0,1,2025,7,21,2025-05-18,Emilia Romagna Grand Prix,44.3439,11.7167,HAM,53.0,6,114.0,4,1:16.163,1:15.765,,0.0,0.0,0.0,0.0,0 days 00:00:00,0.0,0.0,0,0.0,0,41.0,94.0,7,4,Finished,40.3586584531143
,2025007,848,3,7.0,5.0,10.0,63.0,1:31:51.144,5511144,63.0,3.0,1:18.289,281.0,1,2025,7,21,2025-05-18,Emilia Romagna Grand Prix,44.3439,11.7167,ALB,40.0,8,51.0,5,1:16.123,1:15.521,1:15.473,0.0,0.0,0.0,0.0,0 days 00:00:00,0.0,0.0,0,0.0,0,30.0,37.0,8,5,Finished,29.152635181382614
,2025007,844,6,11.0,6.0,8.0,63.0,1:31:53.973,5513973,56.0,6.0,1:19.048,278.0,1,2025,7,21,2025-05-18,Emilia Romagna Grand Prix,44.3439,11.7167,LEC,61.0,5,114.0,4,1:16.108,1:15.604,,0.0,0.0,0.0,0.0,0 days 00:00:00,0.0,0.0,0,0.0,0,53.0,94.0,5,4,Finished,27.586584531143053
,2025007,847,131,3.0,7.0,6.0,63.0,1:31:55.233,5515233,55.0,9.0,1:19.733,282.0,1,2025,7,21,2025-05-18,Emilia Romagna Grand Prix,44.3439,11.7167,RUS,99.0,4,147.0,2,1:15.852,1:15.334,1:14.807,0.0,0.0,0.0,0.0,0 days 00:00:00,0.0,0.0,0,0.0,0,93.0,141.0,4,2,Finished,27.252566735112936
,2025007,832,3,6.0,8.0,4.0,63.0,1:31:56.097,5516097,58.0,10.0,1:19.836,282.0,1,2025,7,21,2025-05-18,Emilia Romagna Grand Prix,44.3439,11.7167,SAI,11.0,11,51.0,5,1:15.987,1:15.198,1:15.432,0.0,0.0,0.0,0.0,0 days 00:00:00,0.0,0.0,0,0.0,0,7.0,37.0,12,5,Finished,30.71047227926078
,2025007,865,215,9.0,9.0,2.0,63.0,1:31:56.785,5516785,60.0,7.0,1:19.473,281.0,1,2025,7,21,2025-05-18,Emilia Romagna Grand Prix,44.3439,11.7167,HAD,7.0,13,10.0,8,1:16.253,1:15.510,1:15.746,0.0,0.0,0.0,0.0,0 days 00:00:00,0.0,0.0,0,0.0,0,5.0,8.0,16,8,Finished,
,2025007,852,9,20.0,10.0,1.0,63.0,1:31:59.645,5519645,60.0,12.0,1:20.039,277.0,1,2025,7,21,2025-05-18,Emilia Romagna Grand Prix,44.3439,11.7167,TSU,10.0,12,131.0,3,,,,0.0,0.0,0.0,0.0,0 days 00:00:00,0.0,0.0,0,0.0,0,9.0,105.0,11,3,Finished,25.018480492813143
,2025007,4,117,5.0,11.0,0.0,63.0,1:32:00.449,5520449,61.0,11.0,1:19.894,280.0,1,2025,7,21,2025-05-18,Emilia Romagna Grand Prix,44.3439,11.7167,ALO,0.0,17,14.0,7,1:15.695,1:15.442,1:15.431,0.0,0.0,0.0,0.0,0 days 00:00:00,0.0,0.0,0,0.0,0,0.0,14.0,17,7,Finished,43.80287474332649
,2025007,807,15,17.0,12.0,0.0,63.0,1:32:03.495,5523495,62.0,15.0,1:20.401,276.0,1,2025,7,21,2025-05-18,Emilia Romagna Grand Prix,44.3439,11.7167,HUL,6.0,15,6.0,10,1:16.518,,,0.0,0.0,0.0,0.0,0 days 00:00:00,0.0,0.0,0,0.0,0,6.0,6.0,14,10,Finished,37.74674880219028
,2025007,842,214,10.0,13.0,0.0,63.0,1:32:04.623,5524623,58.0,14.0,1:20.398,280.0,1,2025,7,21,2025-05-18,Emilia Romagna Grand Prix,44.3439,11.7167,GAS,7.0,13,7.0,9,1:15.937,1:15.505,1:15.787,0.0,0.0,0.0,0.0,0 days 00:00:00,0.0,0.0,0,0.0,0,7.0,7.0,12,9,Finished,29.27583846680356
,2025007,859,215,15.0,14.0,0.0,63.0,1:32:05.710,5525710,60.0,16.0,1:20.473,281.0,1,2025,7,21,2025-05-18,Emilia Romagna Grand Prix,44.3439,11.7167,LAW,0.0,17,10.0,8,1:16.379,,,0.0,0.0,0.0,0.0,0 days 00:00:00,0.0,0.0,0,0.0,0,0.0,8.0,17,8,Finished,23.263518138261464
,2025007,840,117,8.0,15.0,0.0,63.0,1:32:06.192,5526192,58.0,17.0,1:20.501,284.0,1,2025,7,21,2025-05-18,Emilia Romagna Grand Prix,44.3439,11.7167,STR,14.0,9,14.0,7,1:15.817,1:15.497,1:15.581,0.0,0.0,0.0,0.0,0 days 00:00:00,0.0,0.0,0,0.0,0,14.0,14.0,9,7,Finished,26.55167693360712
,2025007,861,214,16.0,16.0,0.0,63.0,1:32:06.610,5526610,57.0,13.0,1:20.345,285.0,1,2025,7,21,2025-05-18,Emilia Romagna Grand Prix,44.3439,11.7167,COL,0.0,17,7.0,9,1:16.256,,,0.0,0.0,0.0,0.0,0 days 00:00:00,0.0,0.0,0,0.0,0,0.0,7.0,,9,Finished,21.976728268309376
,2025007,860,210,19.0,17.0,0.0,63.0,1:32:07.007,5527007,52.0,8.0,1:19.521,278.0,1,2025,7,21,2025-05-18,Emilia Romagna Grand Prix,44.3439,11.7167,BEA,6.0,15,20.0,6,1:16.918,,,0.0,0.0,0.0,0.0,0 days 00:00:00,0.0,0.0,0,0.0,0,6.0,20.0,14,6,Finished,20.027378507871322
,2025007,864,15,14.0,18.0,0.0,63.0,1:32:11.771,5531771,57.0,19.0,1:20.630,279.0,1,2025,7,21,2025-05-18,Emilia Romagna Grand Prix,44.3439,11.7167,BOR,0.0,17,6.0,10,1:16.340,1:16.260,,0.0,0.0,0.0,0.0,0 days 00:00:00,0.0,0.0,0,0.0,0,0.0,6.0,17,10,Finished,
,2025007,863,131,13.0,19.0,0.0,44.0,,,33.0,18.0,1:20.620,277.0,31,2025,7,21,2025-05-18,Emilia Romagna Grand Prix,44.3439,11.7167,ANT,48.0,7,147.0,2,1:15.943,1:15.772,,0.0,0.0,0.0,0.0,0 days 00:00:00,0.0,0.0,0,0.0,0,48.0,141.0,6,2,DNF,
,2025007,839,210,18.0,20.0,0.0,27.0,,,3.0,20.0,1:21.413,270.0,31,2025,7,21,2025-05-18,Emilia Romagna Grand Prix,44.3439,11.7167,OCO,14.0,9,20.0,6,1:16.613,,,0.0,0.0,0.0,0.0,0 days 00:00:00,0.0,0.0,0,0.0,0,14.0,20.0,9,6,DNF,28.6652977412731
,2025008,846,1,1.0,1.0,25.0,78.0,1:40:33.843,6033843,78.0,1.0,1:13.221,261.0,1,2025,8,6,2025-05-25,Monaco Grand Prix,43.7347,7.42056,NOR,158.0,2,319.0,1,1:11.285,1:10.570,1:09.954,0.0,0.0,0.0,0.0,0 days 00:00:00,0.0,0.0,0,0.0,1,133.0,279.0,2,1,Finished,25.530458590006845
,2025008,844,6,2.0,2.0,18.0,78.0,1:40:36.974,6036974,36.0,6.0,1:14.055,258.0,1,2025,8,6,2025-05-25,Monaco Grand Prix,43.7347,7.42056,LEC,79.0,5,142.0,4,1:11.229,1:10.581,1:10.063,0.0,0.0,0.0,0.0,0 days 00:00:00,0.0,0.0,0,0.0,1,61.0,114.0,5,4,Finished,27.60574948665298
,2025008,857,1,3.0,3.0,15.0,78.0,1:40:37.501,6037501,60.0,4.0,1:13.745,262.0,1,2025,8,6,2025-05-25,Monaco Grand Prix,43.7347,7.42056,PIA,161.0,1,319.0,1,1:11.308,1:10.858,1:10.129,0.0,0.0,0.0,0.0,0 days 00:00:00,0.0,0.0,0,0.0,1,146.0,279.0,1,1,Finished,24.134154688569474
,2025008,830,9,4.0,4.0,12.0,78.0,1:40:54.415,6054415,45.0,8.0,1:14.230,260.0,1,2025,8,6,2025-05-25,Monaco Grand Prix,43.7347,7.42056,VER,136.0,3,143.0,3,1:11.431,1:10.875,1:10.669,0.0,0.0,0.0,0.0,0 days 00:00:00,0.0,0.0,0,0.0,0,124.0,131.0,3,3,Finished,27.64955509924709
,2025008,1,6,7.0,5.0,10.0,78.0,1:41:25.230,6085230,73.0,7.0,1:14.090,260.0,1,2025,8,6,2025-05-25,Monaco Grand Prix,43.7347,7.42056,HAM,63.0,6,142.0,4,1:11.575,1:10.883,1:10.382,0.0,0.0,0.0,0.0,0 days 00:00:00,0.0,0.0,0,0.0,0,53.0,114.0,6,4,Finished,40.37782340862423
,2025008,865,215,5.0,6.0,8.0,77.0,1:41:38.925,6098925,16.0,19.0,1:15.981,254.0,,2025,8,6,2025-05-25,Monaco Grand Prix,43.7347,7.42056,HAD,15.0,10,22.0,7,1:11.811,1:11.040,1:10.923,0.0,0.0,0.0,0.0,0 days 00:00:00,0.0,0.0,0,0.0,0,7.0,10.0,13,8,Unknown,
,2025008,839,210,8.0,7.0,6.0,77.0,1:41:39.872,6099872,34.0,14.0,1:15.157,257.0,,2025,8,6,2025-05-25,Monaco Grand Prix,43.7347,7.42056,OCO,20.0,9,26.0,6,1:11.839,1:11.262,1:10.942,0.0,0.0,0.0,0.0,0 days 00:00:00,0.0,0.0,0,0.0,0,14.0,20.0,9,6,Unknown,28.684462696783026
,2025008,859,215,9.0,8.0,4.0,77.0,1:41:40.589,6100589,54.0,17.0,1:15.321,257.0,,2025,8,6,2025-05-25,Monaco Grand Prix,43.7347,7.42056,LAW,4.0,17,22.0,7,1:11.818,1:11.250,1:11.129,0.0,0.0,0.0,0.0,0 days 00:00:00,0.0,0.0,0,0.0,0,0.0,10.0,17,8,Unknown,23.28268309377139
,2025008,848,3,10.0,9.0,2.0,76.0,1:40:45.712,6045712,74.0,9.0,1:14.597,259.0,,2025,8,6,2025-05-25,Monaco Grand Prix,43.7347,7.42056,ALB,42.0,8,54.0,5,1:11.629,1:10.732,1:11.213,0.0,0.0,0.0,0.0,0 days 00:00:00,0.0,0.0,0,0.0,0,40.0,51.0,8,5,Unknown,29.17180013689254
,2025008,832,3,11.0,10.0,1.0,76.0,1:40:49.075,6049075,68.0,5.0,1:13.988,260.0,,2025,8,6,2025-05-25,Monaco Grand Prix,43.7347,7.42056,SAI,12.0,12,54.0,5,1:11.707,1:11.362,,0.0,0.0,0.0,0.0,0 days 00:00:00,0.0,0.0,0,0.0,0,11.0,51.0,11,5,Unknown,30.729637234770706
,2025008,847,131,14.0,11.0,0.0,76.0,1:41:07.687,6067687,74.0,2.0,1:13.405,259.0,,2025,8,6,2025-05-25,Monaco Grand Prix,43.7347,7.42056,RUS,99.0,4,147.0,2,1:11.507,,,0.0,0.0,0.0,0.0,0 days 00:00:00,0.0,0.0,0,0.0,0,99.0,147.0,4,2,Unknown,27.27173169062286
,2025008,860,210,20.0,12.0,0.0,76.0,1:41:28.536,6088536,6.0,10.0,1:14.855,255.0,,2025,8,6,2025-05-25,Monaco Grand Prix,43.7347,7.42056,BEA,6.0,15,26.0,6,1:11.979,,,0.0,0.0,0.0,0.0,0 days 00:00:00,0.0,0.0,0,0.0,0,6.0,20.0,15,6,Unknown,20.046543463381244
,2025008,861,214,18.0,13.0,0.0,76.0,1:41:30.957,6090957,30.0,16.0,1:15.298,257.0,,2025,8,6,2025-05-25,Monaco Grand Prix,43.7347,7.42056,COL,0.0,18,7.0,9,1:12.597,,,0.0,0.0,0.0,0.0,0 days 00:00:00,0.0,0.0,0,0.0,0,0.0,7.0,17,9,Unknown,21.9958932238193
,2025008,864,15,16.0,14.0,0.0,76.0,1:41:42.267,6102267,37.0,12.0,1:14.884,255.0,,2025,8,6,2025-05-25,Monaco Grand Prix,43.7347,7.42056,BOR,0.0,18,6.0,10,1:11.902,,,0.0,0.0,0.0,0.0,0 days 00:00:00,0.0,0.0,0,0.0,0,0.0,6.0,17,10,Unknown,
,2025008,840,117,19.0,15.0,0.0,76.0,1:41:44.238,6104238,67.0,11.0,1:14.877,262.0,,2025,8,6,2025-05-25,Monaco Grand Prix,43.7347,7.42056,STR,14.0,11,14.0,8,1:12.563,,,0.0,0.0,0.0,0.0,0 days 00:00:00,0.0,0.0,0,0.0,0,14.0,14.0,9,7,Unknown,26.570841889117045
,2025008,807,15,13.0,16.0,0.0,76.0,1:41:45.387,6105387,47.0,15.0,1:15.223,258.0,,2025,8,6,2025-05-25,Monaco Grand Prix,43.7347,7.42056,HUL,6.0,15,6.0,10,1:11.871,1:11.596,,0.0,0.0,0.0,0.0,0 days 00:00:00,0.0,0.0,0,0.0,0,6.0,6.0,15,10,Unknown,37.765913757700204
,2025008,852,9,12.0,17.0,0.0,76.0,1:41:45.692,6105692,75.0,13.0,1:14.913,260.0,,2025,8,6,2025-05-25,Monaco Grand Prix,43.7347,7.42056,TSU,10.0,13,143.0,3,1:11.800,1:11.415,,0.0,0.0,0.0,0.0,0 days 00:00:00,0.0,0.0,0,0.0,0,10.0,131.0,12,3,Unknown,25.037645448323065
,2025008,863,131,15.0,18.0,0.0,75.0,1:40:42.252,6042252,74.0,3.0,1:13.518,261.0,,2025,8,6,2025-05-25,Monaco Grand Prix,43.7347,7.42056,ANT,48.0,7,147.0,2,1:11.880,,,0.0,0.0,0.0,0.0,0 days 00:00:00,0.0,0.0,0,0.0,0,48.0,147.0,7,2,Unknown,
,2025008,4,117,6.0,19.0,0.0,36.0,,,15.0,18.0,1:15.593,257.0,31,2025,8,6,2025-05-25,Monaco Grand Prix,43.7347,7.42056,ALO,0.0,18,14.0,8,1:11.674,1:11.182,1:10.924,0.0,0.0,0.0,0.0,0 days 00:00:00,0.0,0.0,0,0.0,0,0.0,14.0,17,7,DNF,43.82203969883641
,2025008,842,214,17.0,20.0,0.0,7.0,,,6.0,20.0,1:18.054,264.0,31,2025,8,6,2025-05-25,Monaco Grand Prix,43.7347,7.42056,GAS,7.0,14,7.0,9,1:11.994,,,0.0,0.0,0.0,0.0,0 days 00:00:00,0.0,0.0,0,0.0,0,7.0,7.0,13,9,DNF,29.295003422313485
,2025009,857,1,1.0,1.0,25.0,66.0,1:32:57.375,5577375,61.0,1.0,1:15.743,287.0,1,2025,9,4,2025-06-01,Spanish Grand Prix,41.57,2.26111,PIA,186.0,1,362.0,1,1:12.551,1:11.998,1:11.546,0.0,0.0,0.0,0.0,0 days 00:00:00,0.0,0.0,0,0.0,1,161.0,319.0,1,1,Finished,24.1533196440794
,2025009,846,1,2.0,2.0,18.0,66.0,1:32:59.846,5579846,61.0,2.0,1:16.187,290.0,1,2025,9,4,2025-06-01,Spanish Grand Prix,41.57,2.26111,NOR,176.0,2,362.0,1,1:12.799,1:12.056,1:11.755,0.0,0.0,0.0,0.0,0 days 00:00:00,0.0,0.0,0,0.0,1,158.0,319.0,2,1,Finished,25.54962354551677
,2025009,844,6,7.0,3.0,15.0,66.0,1:33:07.830,5587830,62.0,5.0,1:17.259,286.0,1,2025,9,4,2025-06-01,Spanish Grand Prix,41.57,2.26111,LEC,94.0,5,165.0,2,1:13.014,1:12.495,1:12.131,0.0,0.0,0.0,0.0,0 days 00:00:00,0.0,0.0,0,0.0,1,79.0,142.0,5,4,Finished,27.6249144421629
,2025009,847,131,4.0,4.0,12.0,66.0,1:33:08.734,5588734,62.0,4.0,1:17.244,292.0,1,2025,9,4,2025-06-01,Spanish Grand Prix,41.57,2.26111,RUS,111.0,4,159.0,3,1:12.806,1:12.407,1:11.848,0.0,0.0,0.0,0.0,0 days 00:00:00,0.0,0.0,0,0.0,0,99.0,147.0,4,2,Finished,27.290896646132786
,2025009,807,15,15.0,5.0,10.0,66.0,1:33:11.023,5591023,63.0,6.0,1:17.575,292.0,1,2025,9,4,2025-06-01,Spanish Grand Prix,41.57,2.26111,HUL,16.0,11,16.0,8,1:13.190,,,0.0,0.0,0.0,0.0,0 days 00:00:00,0.0,0.0,0,0.0,0,6.0,6.0,14,10,Finished,37.78507871321013
,2025009,1,6,5.0,6.0,8.0,66.0,1:33:12.883,5592883,62.0,7.0,1:17.706,286.0,1,2025,9,4,2025-06-01,Spanish Grand Prix,41.57,2.26111,HAM,71.0,6,165.0,2,1:13.058,1:12.447,1:12.045,0.0,0.0,0.0,0.0,0 days 00:00:00,0.0,0.0,0,0.0,0,63.0,142.0,6,4,Finished,40.39698836413415
,2025009,865,215,9.0,7.0,6.0,66.0,1:33:13.397,5593397,63.0,8.0,1:17.770,287.0,1,2025,9,4,2025-06-01,Spanish Grand Prix,41.57,2.26111,HAD,21.0,9,28.0,6,1:13.139,1:12.461,1:12.252,0.0,0.0,0.0,0.0,0 days 00:00:00,0.0,0.0,0,0.0,0,15.0,22.0,10,7,Finished,
,2025009,842,214,8.0,8.0,4.0,66.0,1:33:15.257,5595257,63.0,9.0,1:17.896,286.0,1,2025,9,4,2025-06-01,Spanish Grand Prix,41.57,2.26111,GAS,11.0,13,11.0,10,1:13.081,1:12.611,1:12.199,0.0,0.0,0.0,0.0,0 days 00:00:00,0.0,0.0,0,0.0,0,7.0,7.0,13,9,Finished,29.31416837782341
,2025009,4,117,10.0,9.0,2.0,66.0,1:33:18.939,5598939,66.0,11.0,1:18.128,285.0,1,2025,9,4,2025-06-01,Spanish Grand Prix,41.57,2.26111,ALO,2.0,17,16.0,8,1:13.102,1:12.523,1:12.284,0.0,0.0,0.0,0.0,0 days 00:00:00,0.0,0.0,0,0.0,0,0.0,14.0,17,8,Finished,43.841204654346335
,2025009,830,9,3.0,10.0,1.0,66.0,1:33:19.201,5599201,62.0,3.0,1:17.019,291.0,1,2025,9,4,2025-06-01,Spanish Grand Prix,41.57,2.26111,VER,137.0,3,144.0,4,1:12.798,1:12.358,1:11.848,0.0,0.0,0.0,0.0,0 days 00:00:00,0.0,0.0,0,0.0,0,136.0,143.0,3,3,Finished,27.668720054757017
,2025009,859,215,13.0,11.0,0.0,66.0,1:33:22.907,5602907,62.0,18.0,1:19.424,286.0,1,2025,9,4,2025-06-01,Spanish Grand Prix,41.57,2.26111,LAW,4.0,16,28.0,6,1:13.039,1:12.763,,0.0,0.0,0.0,0.0,0 days 00:00:00,0.0,0.0,0,0.0,0,4.0,22.0,16,7,Finished,23.301848049281315
,2025009,864,15,12.0,12.0,0.0,66.0,1:33:23.371,5603371,51.0,13.0,1:18.297,285.0,1,2025,9,4,2025-06-01,Spanish Grand Prix,41.57,2.26111,BOR,0.0,18,16.0,8,1:13.045,1:12.756,,0.0,0.0,0.0,0.0,0 days 00:00:00,0.0,0.0,0,0.0,0,0.0,6.0,17,10,Finished,
,2025009,852,9,19.0,13.0,0.0,66.0,1:33:26.197,5606197,46.0,10.0,1:17.998,292.0,1,2025,9,4,2025-06-01,Spanish Grand Prix,41.57,2.26111,TSU,10.0,14,144.0,4,1:13.385,,,0.0,0.0,0.0,0.0,0 days 00:00:00,0.0,0.0,0,0.0,0,10.0,143.0,12,3,Finished,25.05681040383299
,2025009,832,3,17.0,14.0,0.0,66.0,1:33:26.684,5606684,65.0,17.0,1:19.317,289.0,1,2025,9,4,2025-06-01,Spanish Grand Prix,41.57,2.26111,SAI,12.0,12,54.0,5,1:13.203,,,0.0,0.0,0.0,0.0,0 days 00:00:00,0.0,0.0,0,0.0,0,12.0,54.0,11,5,Finished,30.748802190280628
,2025009,861,214,18.0,15.0,0.0,66.0,1:33:28.756,5608756,41.0,14.0,1:18.353,282.0,1,2025,9,4,2025-06-01,Spanish Grand Prix,41.57,2.26111,COL,0.0,18,11.0,10,1:13.334,,,0.0,0.0,0.0,0.0,0 days 00:00:00,0.0,0.0,0,0.0,0,0.0,7.0,17,9,Finished,22.015058179329227
,2025009,839,210,16.0,16.0,0.0,66.0,1:33:29.572,5609572,46.0,15.0,1:18.624,281.0,1,2025,9,4,2025-06-01,Spanish Grand Prix,41.57,2.26111,OCO,20.0,10,26.0,7,1:13.201,,,0.0,0.0,0.0,0.0,0 days 00:00:00,0.0,0.0,0,0.0,0,20.0,26.0,9,6,Finished,28.70362765229295
,2025009,860,210,14.0,17.0,0.0,66.0,1:33:34.440,5614440,63.0,16.0,1:18.907,282.0,1,2025,9,4,2025-06-01,Spanish Grand Prix,41.57,2.26111,BEA,6.0,15,26.0,7,1:13.074,1:13.315,,0.0,0.0,0.0,0.0,0 days 00:00:00,0.0,0.0,0,0.0,0,6.0,26.0,14,6,Finished,20.06570841889117
,2025009,863,131,6.0,18.0,0.0,53.0,,,52.0,12.0,1:18.255,283.0,31,2025,9,4,2025-06-01,Spanish Grand Prix,41.57,2.26111,ANT,48.0,7,159.0,3,1:12.815,1:12.585,1:12.111,0.0,0.0,0.0,0.0,0 days 00:00:00,0.0,0.0,0,0.0,0,48.0,147.0,7,2,DNF,
,2025009,848,3,11.0,19.0,0.0,27.0,,,9.0,19.0,1:20.508,280.0,31,2025,9,4,2025-06-01,Spanish Grand Prix,41.57,2.26111,ALB,42.0,8,54.0,5,1:13.044,1:12.641,,0.0,0.0,0.0,0.0,0 days 00:00:00,0.0,0.0,0,0.0,0,42.0,54.0,8,5,DNF,29.190965092402465
,2025010,847,131,1.0,1.0,25.0,70.0,1:31:52.688,5512688,63.0,1.0,1:14.119,285.0,1,2025,10,7,2025-06-15,Canadian Grand Prix,45.5,-73.5228,RUS,136.0,4,199.0,2,1:12.075,1:11.570,1:10.899,0.0,0.0,0.0,0.0,0 days 00:00:00,0.0,0.0,0,0.0,1,111.0,159.0,4,3,Finished,27.329226557152634
,2025010,830,9,2.0,2.0,18.0,70.0,1:31:52.916,5512916,62.0,5.0,1:14.287,286.0,1,2025,10,7,2025-06-15,Canadian Grand Prix,45.5,-73.5228,VER,155.0,3,162.0,4,1:12.054,1:11.638,1:11.059,0.0,0.0,0.0,0.0,0 days 00:00:00,0.0,0.0,0,0.0,1,137.0,144.0,3,4,Finished,27.707049965776864
,2025010,863,131,4.0,3.0,15.0,70.0,1:31:53.702,5513702,60.0,7.0,1:14.455,285.0,1,2025,10,7,2025-06-15,Canadian Grand Prix,45.5,-73.5228,ANT,63.0,7,199.0,2,1:12.279,1:11.974,1:11.391,0.0,0.0,0.0,0.0,0 days 00:00:00,0.0,0.0,0,0.0,1,48.0,159.0,7,3,Finished,
,2025010,857,1,3.0,4.0,12.0,70.0,1:31:54.797,5514797,64.0,3.0,1:14.255,298.0,1,2025,10,7,2025-06-15,Canadian Grand Prix,45.5,-73.5228,PIA,198.0,1,374.0,1,1:11.939,1:11.715,1:11.120,0.0,0.0,0.0,0.0,0 days 00:00:00,0.0,0.0,0,0.0,0,186.0,362.0,1,1,Finished,24.191649555099247
,2025010,844,6,8.0,5.0,10.0,70.0,1:31:56.130,5516130,57.0,4.0,1:14.261,285.0,1,2025,10,7,2025-06-15,Canadian Grand Prix,45.5,-73.5228,LEC,104.0,5,183.0,3,1:12.038,1:11.626,1:11.682,0.0,0.0,0.0,0.0,0 days 00:00:00,0.0,0.0,0,0.0,0,94.0,165.0,5,2,Finished,27.66324435318275
,2025010,1,6,5.0,6.0,8.0,70.0,1:32:03.401,5523401,64.0,9.0,1:14.805,285.0,1,2025,10,7,2025-06-15,Canadian Grand Prix,45.5,-73.5228,HAM,79.0,6,183.0,3,1:11.952,1:11.885,1:11.526,0.0,0.0,0.0,0.0,0 days 00:00:00,0.0,0.0,0,0.0,0,71.0,165.0,6,2,Finished,40.435318275154
,2025010,4,117,6.0,7.0,6.0,70.0,1:32:03.660,5523660,58.0,12.0,1:15.024,291.0,1,2025,10,7,2025-06-15,Canadian Grand Prix,45.5,-73.5228,ALO,8.0,16,22.0,8,1:12.073,1:11.805,1:11.586,0.0,0.0,0.0,0.0,0 days 00:00:00,0.0,0.0,0,0.0,0,2.0,16.0,18,8,Finished,43.879534565366185
,2025010,807,15,11.0,8.0,4.0,70.0,1:32:08.052,5528052,65.0,14.0,1:15.372,285.0,1,2025,10,7,2025-06-15,Canadian Grand Prix,45.5,-73.5228,HUL,20.0,11,20.0,9,1:12.323,1:12.183,,0.0,0.0,0.0,0.0,0 days 00:00:00,0.0,0.0,0,0.0,0,16.0,16.0,11,8,Finished,37.82340862422998
,2025010,839,210,14.0,9.0,2.0,69.0,1:31:54.161,5514161,61.0,8.0,1:14.593,283.0,,2025,10,7,2025-06-15,Canadian Grand Prix,45.5,-73.5228,OCO,22.0,9,28.0,6,1:12.378,1:12.634,,0.0,0.0,0.0,0.0,0 days 00:00:00,0.0,0.0,0,0.0,0,20.0,26.0,10,7,Unknown,28.7419575633128
,2025010,832,3,16.0,10.0,1.0,69.0,1:31:54.574,5514574,59.0,6.0,1:14.389,292.0,,2025,10,7,2025-06-15,Canadian Grand Prix,45.5,-73.5228,SAI,13.0,13,55.0,5,1:12.398,,,0.0,0.0,0.0,0.0,0 days 00:00:00,0.0,0.0,0,0.0,0,12.0,54.0,13,5,Unknown,30.78713210130048
,2025010,860,210,13.0,11.0,0.0,69.0,1:31:56.405,5516405,62.0,15.0,1:15.397,281.0,,2025,10,7,2025-06-15,Canadian Grand Prix,45.5,-73.5228,BEA,6.0,17,28.0,6,1:12.306,1:12.340,,0.0,0.0,0.0,0.0,0 days 00:00:00,0.0,0.0,0,0.0,0,6.0,26.0,16,7,Unknown,20.10403832991102
,2025010,852,9,18.0,12.0,0.0,69.0,1:31:58.144,5518144,59.0,13.0,1:15.358,285.0,,2025,10,7,2025-06-15,Canadian Grand Prix,45.5,-73.5228,TSU,10.0,15,162.0,4,1:12.334,1:12.102,,0.0,0.0,0.0,0.0,0 days 00:00:00,0.0,0.0,0,0.0,0,10.0,144.0,15,4,Unknown,25.09514031485284
,2025010,861,214,10.0,13.0,0.0,69.0,1:31:59.706,5519706,53.0,17.0,1:16.076,278.0,,2025,10,7,2025-06-15,Canadian Grand Prix,45.5,-73.5228,COL,0.0,19,11.0,10,1:12.234,1:12.142,,0.0,0.0,0.0,0.0,0 days 00:00:00,0.0,0.0,0,0.0,0,0.0,11.0,19,10,Unknown,22.053388090349078
,2025010,864,15,15.0,14.0,0.0,69.0,1:32:00.567,5520567,56.0,16.0,1:15.414,284.0,,2025,10,7,2025-06-15,Canadian Grand Prix,45.5,-73.5228,BOR,0.0,19,20.0,9,1:12.385,,,0.0,0.0,0.0,0.0,0 days 00:00:00,0.0,0.0,0,0.0,0,0.0,16.0,19,8,Unknown,
,2025010,842,214,20.0,15.0,0.0,69.0,1:32:00.638,5520638,63.0,11.0,1:14.993,296.0,,2025,10,7,2025-06-15,Canadian Grand Prix,45.5,-73.5228,GAS,11.0,14,11.0,10,1:12.667,,,0.0,0.0,0.0,0.0,0 days 00:00:00,0.0,0.0,0,0.0,0,11.0,11.0,14,10,Unknown,29.352498288843258
,2025010,865,215,12.0,16.0,0.0,69.0,1:32:01.425,5521425,51.0,19.0,1:16.292,293.0,,2025,10,7,2025-06-15,Canadian Grand Prix,45.5,-73.5228,HAD,21.0,10,28.0,6,1:12.211,1:12.003,1:11.867,0.0,0.0,0.0,0.0,0 days 00:00:00,0.0,0.0,0,0.0,0,21.0,28.0,9,6,Unknown,
,2025010,840,117,17.0,17.0,0.0,69.0,1:32:01.751,5521751,57.0,10.0,1:14.902,283.0,,2025,10,7,2025-06-15,Canadian Grand Prix,45.5,-73.5228,STR,14.0,12,22.0,8,1:12.517,,,0.0,0.0,0.0,0.0,0 days 00:00:00,0.0,0.0,0,0.0,0,14.0,16.0,12,8,Unknown,26.628336755646817
,2025010,846,1,7.0,18.0,0.0,66.0,,,65.0,2.0,1:14.229,295.0,31,2025,10,7,2025-06-15,Canadian Grand Prix,45.5,-73.5228,NOR,176.0,2,374.0,1,1:11.826,1:11.599,1:11.625,0.0,0.0,0.0,0.0,0 days 00:00:00,0.0,0.0,0,0.0,0,176.0,362.0,2,1,DNF,25.587953456536617
,2025010,859,215,19.0,19.0,0.0,53.0,,,52.0,20.0,1:16.320,284.0,31,2025,10,7,2025-06-15,Canadian Grand Prix,45.5,-73.5228,LAW,4.0,18,28.0,6,1:12.525,,,0.0,0.0,0.0,0.0,0 days 00:00:00,0.0,0.0,0,0.0,0,4.0,28.0,17,6,DNF,23.340177960301162
,2025010,848,3,9.0,20.0,0.0,46.0,,,31.0,18.0,1:16.197,283.0,31,2025,10,7,2025-06-15,Canadian Grand Prix,45.5,-73.5228,ALB,42.0,8,55.0,5,1:12.090,1:11.892,1:11.907,0.0,0.0,0.0,0.0,0 days 00:00:00,0.0,0.0,0,0.0,0,42.0,54.0,8,5,DNF,29.229295003422312
,2025011,846,1,1.0,1.0,25.0,70.0,1:23:47.693,5027693,61.0,2.0,1:08.272,278.0,1,2025,11,70,2025-06-29,Austrian Grand Prix,47.2197,14.7647,NOR,201.0,2,417.0,1,1:04.672,1:04.410,1:03.971,0.0,0.0,0.0,0.0,0 days 00:00:00,0.0,0.0,0,0.0,1,176.0,374.0,2,1,Finished,25.626283367556468
,2025011,857,1,3.0,2.0,18.0,70.0,1:23:50.388,5030388,59.0,1.0,1:07.924,280.0,1,2025,11,70,2025-06-29,Austrian Grand Prix,47.2197,14.7647,PIA,216.0,1,417.0,1,1:04.966,1:04.556,1:04.554,0.0,0.0,0.0,0.0,0 days 00:00:00,0.0,0.0,0,0.0,1,198.0,374.0,1,1,Finished,24.229979466119097
,2025011,844,6,2.0,3.0,15.0,70.0,1:24:07.513,5047513,56.0,4.0,1:08.765,276.0,1,2025,11,70,2025-06-29,Austrian Grand Prix,47.2197,14.7647,LEC,119.0,5,210.0,2,1:05.197,1:04.734,1:04.492,0.0,0.0,0.0,0.0,0 days 00:00:00,0.0,0.0,0,0.0,1,104.0,183.0,5,3,Finished,27.701574264202602
,2025011,1,6,4.0,4.0,12.0,70.0,1:24:16.713,5056713,53.0,3.0,1:08.628,276.0,1,2025,11,70,2025-06-29,Austrian Grand Prix,47.2197,14.7647,HAM,91.0,6,210.0,2,1:05.115,1:04.896,1:04.582,0.0,0.0,0.0,0.0,0 days 00:00:00,0.0,0.0,0,0.0,0,79.0,183.0,6,3,Finished,40.473648186173854
,2025011,847,131,5.0,5.0,10.0,70.0,1:24:50.089,5090089,47.0,7.0,1:09.372,274.0,1,2025,11,70,2025-06-29,Austrian Grand Prix,47.2197,14.7647,RUS,146.0,4,209.0,3,1:05.189,1:04.860,1:04.763,0.0,0.0,0.0,0.0,0 days 00:00:00,0.0,0.0,0,0.0,0,136.0,199.0,4,2,Finished,27.367556468172484
,2025011,859,215,6.0,6.0,8.0,70.0,1:24:55.447,5095447,58.0,14.0,1:09.977,275.0,1,2025,11,70,2025-06-29,Austrian Grand Prix,47.2197,14.7647,LAW,12.0,15,36.0,6,1:05.017,1:05.041,1:04.926,0.0,0.0,0.0,0.0,0 days 00:00:00,0.0,0.0,0,0.0,0,4.0,28.0,18,6,Finished,23.378507871321013
,2025011,4,117,11.0,7.0,6.0,69.0,1:23:49.130,5029130,39.0,12.0,1:09.935,278.0,,2025,11,70,2025-06-29,Austrian Grand Prix,47.2197,14.7647,ALO,14.0,12,28.0,8,1:05.197,1:05.128,,0.0,0.0,0.0,0.0,0 days 00:00:00,0.0,0.0,0,0.0,0,8.0,22.0,16,8,Unknown,43.917864476386036
,2025011,864,15,8.0,8.0,4.0,69.0,1:23:49.645,5029645,60.0,6.0,1:09.247,275.0,,2025,11,70,2025-06-29,Austrian Grand Prix,47.2197,14.7647,BOR,4.0,19,26.0,9,1:05.123,1:04.846,1:05.132,0.0,0.0,0.0,0.0,0 days 00:00:00,0.0,0.0,0,0.0,0,0.0,20.0,19,9,Unknown,
,2025011,807,15,20.0,9.0,2.0,69.0,1:23:55.413,5035413,57.0,8.0,1:09.459,275.0,,2025,11,70,2025-06-29,Austrian Grand Prix,47.2197,14.7647,HUL,22.0,10,26.0,9,1:05.606,,,0.0,0.0,0.0,0.0,0 days 00:00:00,0.0,0.0,0,0.0,0,20.0,20.0,11,9,Unknown,37.86173853524983
,2025011,839,210,17.0,10.0,1.0,69.0,1:23:57.679,5037679,55.0,9.0,1:09.550,275.0,,2025,11,70,2025-06-29,Austrian Grand Prix,47.2197,14.7647,OCO,23.0,9,29.0,7,1:05.364,,,0.0,0.0,0.0,0.0,0 days 00:00:00,0.0,0.0,0,0.0,0,22.0,28.0,9,6,Unknown,28.78028747433265
,2025011,860,210,15.0,11.0,0.0,69.0,1:24:12.547,5052547,42.0,13.0,1:09.960,273.0,,2025,11,70,2025-06-29,Austrian Grand Prix,47.2197,14.7647,BEA,6.0,18,29.0,7,1:05.218,1:05.312,,0.0,0.0,0.0,0.0,0 days 00:00:00,0.0,0.0,0,0.0,0,6.0,28.0,17,6,Unknown,20.142368240930868
,2025011,865,215,13.0,12.0,0.0,69.0,1:24:15.650,5055650,40.0,16.0,1:10.204,272.0,,2025,11,70,2025-06-29,Austrian Grand Prix,47.2197,14.7647,HAD,21.0,11,36.0,6,1:05.063,1:05.226,,0.0,0.0,0.0,0.0,0 days 00:00:00,0.0,0.0,0,0.0,0,21.0,28.0,10,6,Unknown,
,2025011,842,214,10.0,13.0,0.0,69.0,1:24:20.748,5060748,46.0,15.0,1:10.151,274.0,,2025,11,70,2025-06-29,Austrian Grand Prix,47.2197,14.7647,GAS,11.0,16,11.0,10,1:05.054,1:04.846,1:05.649,0.0,0.0,0.0,0.0,0 days 00:00:00,0.0,0.0,0,0.0,0,11.0,11.0,14,10,Unknown,29.39082819986311
,2025011,840,117,16.0,14.0,0.0,69.0,1:24:22.155,5062155,55.0,5.0,1:09.214,274.0,,2025,11,70,2025-06-29,Austrian Grand Prix,47.2197,14.7647,STR,14.0,12,28.0,8,1:05.329,,,0.0,0.0,0.0,0.0,0 days 00:00:00,0.0,0.0,0,0.0,0,14.0,22.0,12,8,Unknown,26.666666666666668
,2025011,861,214,14.0,15.0,0.0,69.0,1:24:30.385,5070385,44.0,10.0,1:09.621,271.0,,2025,11,70,2025-06-29,Austrian Grand Prix,47.2197,14.7647,COL,0.0,20,11.0,10,1:05.278,1:05.288,,0.0,0.0,0.0,0.0,0 days 00:00:00,0.0,0.0,0,0.0,0,0.0,11.0,19,10,Unknown,22.091718001368925
,2025011,852,9,18.0,16.0,0.0,68.0,1:23:50.672,5030672,62.0,11.0,1:09.802,279.0,,2025,11,70,2025-06-29,Austrian Grand Prix,47.2197,14.7647,TSU,10.0,17,162.0,4,1:05.369,,,0.0,0.0,0.0,0.0,0 days 00:00:00,0.0,0.0,0,0.0,0,10.0,162.0,15,4,Unknown,25.13347022587269
,2025011,848,3,12.0,17.0,0.0,15.0,,,9.0,17.0,1:10.641,271.0,31,2025,11,70,2025-06-29,Austrian Grand Prix,47.2197,14.7647,ALB,42.0,8,55.0,5,1:05.143,1:05.205,,0.0,0.0,0.0,0.0,0 days 00:00:00,0.0,0.0,0,0.0,0,42.0,55.0,8,5,DNF,29.267624914442163
,2025011,830,9,7.0,18.0,0.0,0.0,,,,,,,31,2025,11,70,2025-06-29,Austrian Grand Prix,47.2197,14.7647,VER,155.0,3,162.0,4,1:05.106,1:04.836,1:04.929,0.0,0.0,0.0,0.0,0 days 00:00:00,0.0,0.0,0,0.0,0,155.0,162.0,3,4,DNF,27.745379876796715
,2025011,863,131,9.0,19.0,0.0,0.0,,,,,,,31,2025,11,70,2025-06-29,Austrian Grand Prix,47.2197,14.7647,ANT,63.0,7,209.0,3,1:05.178,1:05.052,1:05.276,0.0,0.0,0.0,0.0,0 days 00:00:00,0.0,0.0,0,0.0,0,63.0,199.0,7,2,DNF,
,2025011,832,3,19.0,20.0,0.0,0.0,,,,,,,,2025,11,70,2025-06-29,Austrian Grand Prix,47.2197,14.7647,SAI,13.0,14,55.0,5,1:05.582,,,0.0,0.0,0.0,0.0,0 days 00:00:00,0.0,0.0,0,0.0,0,13.0,55.0,13,5,Unknown,30.82546201232033
,2025012,846,1,3.0,1.0,25.0,52.0,1:37:15.735,5835735,48.0,2.0,1:29.734,254.0,1,2025,12,9,2025-07-06,British Grand Prix,52.0786,-1.01694,NOR,226.0,2,460.0,1,1:26.123,1:25.231,1:25.010,0.0,0.0,0.0,0.0,0 days 00:00:00,0.0,0.0,0,0.0,1,201.0,417.0,2,1,Finished,25.645448323066393
,2025012,857,1,2.0,2.0,18.0,52.0,1:37:22.547,5842547,51.0,1.0,1:29.337,253.0,1,2025,12,9,2025-07-06,British Grand Prix,52.0786,-1.01694,PIA,234.0,1,460.0,1,1:25.963,1:25.316,1:24.995,0.0,0.0,0.0,0.0,0 days 00:00:00,0.0,0.0,0,0.0,1,216.0,417.0,1,1,Finished,24.249144421629023
,2025012,807,15,19.0,3.0,15.0,52.0,1:37:50.477,5870477,51.0,14.0,1:30.933,251.0,1,2025,12,9,2025-07-06,British Grand Prix,52.0786,-1.01694,HUL,37.0,9,41.0,6,1:26.574,,,0.0,0.0,0.0,0.0,0 days 00:00:00,0.0,0.0,0,0.0,1,22.0,26.0,10,9,Finished,37.880903490759756
,2025012,1,6,5.0,4.0,12.0,52.0,1:37:55.547,5875547,49.0,3.0,1:30.016,251.0,1,2025,12,9,2025-07-06,British Grand Prix,52.0786,-1.01694,HAM,103.0,6,222.0,2,1:26.296,1:25.084,1:25.095,0.0,0.0,0.0,0.0,0 days 00:00:00,0.0,0.0,0,0.0,0,91.0,210.0,6,2,Finished,40.492813141683776
,2025012,830,9,1.0,5.0,10.0,52.0,1:38:12.516,5892516,49.0,5.0,1:30.179,255.0,1,2025,12,9,2025-07-06,British Grand Prix,52.0786,-1.01694,VER,165.0,3,172.0,4,1:25.886,1:25.316,1:24.892,0.0,0.0,0.0,0.0,0 days 00:00:00,0.0,0.0,0,0.0,0,155.0,162.0,3,4,Finished,27.76454483230664
,2025012,842,214,8.0,6.0,8.0,52.0,1:38:15.592,5895592,48.0,8.0,1:30.751,251.0,1,2025,12,9,2025-07-06,British Grand Prix,52.0786,-1.01694,GAS,19.0,13,19.0,10,1:26.328,1:25.711,1:25.785,0.0,0.0,0.0,0.0,0 days 00:00:00,0.0,0.0,0,0.0,0,11.0,11.0,16,10,Finished,29.409993155373034
,2025012,840,117,17.0,7.0,6.0,52.0,1:38:16.338,5896338,50.0,15.0,1:32.088,252.0,1,2025,12,9,2025-07-06,British Grand Prix,52.0786,-1.01694,STR,20.0,12,36.0,7,1:26.504,,,0.0,0.0,0.0,0.0,0 days 00:00:00,0.0,0.0,0,0.0,0,14.0,28.0,12,8,Finished,26.68583162217659
,2025012,848,3,13.0,8.0,4.0,52.0,1:38:19.870,5899870,50.0,4.0,1:30.047,254.0,1,2025,12,9,2025-07-06,British Grand Prix,52.0786,-1.01694,ALB,46.0,8,59.0,5,1:26.093,1:25.889,,0.0,0.0,0.0,0.0,0 days 00:00:00,0.0,0.0,0,0.0,0,42.0,55.0,8,5,Finished,29.286789869952088
,2025012,4,117,7.0,9.0,2.0,52.0,1:38:21.593,5901593,49.0,6.0,1:30.353,252.0,1,2025,12,9,2025-07-06,British Grand Prix,52.0786,-1.01694,ALO,16.0,14,36.0,7,1:26.108,1:25.593,1:25.621,0.0,0.0,0.0,0.0,0 days 00:00:00,0.0,0.0,0,0.0,0,14.0,28.0,12,8,Finished,43.937029431895965
,2025012,847,131,4.0,10.0,1.0,52.0,1:38:26.409,5906409,51.0,11.0,1:30.869,250.0,1,2025,12,9,2025-07-06,British Grand Prix,52.0786,-1.01694,RUS,147.0,4,210.0,3,1:26.236,1:25.637,1:25.029,0.0,0.0,0.0,0.0,0 days 00:00:00,0.0,0.0,0,0.0,0,146.0,209.0,4,3,Finished,27.38672142368241
,2025012,860,210,18.0,11.0,0.0,52.0,1:38:27.830,5907830,50.0,13.0,1:30.921,251.0,1,2025,12,9,2025-07-06,British Grand Prix,52.0786,-1.01694,BEA,6.0,18,29.0,9,1:26.005,1:25.534,1:25.471,0.0,0.0,0.0,0.0,0 days 00:00:00,0.0,0.0,0,0.0,0,6.0,29.0,18,7,Finished,20.161533196440793
,2025012,832,3,9.0,12.0,0.0,52.0,1:38:32.327,5912327,52.0,7.0,1:30.645,252.0,1,2025,12,9,2025-07-06,British Grand Prix,52.0786,-1.01694,SAI,13.0,15,59.0,5,1:26.175,1:25.746,,0.0,0.0,0.0,0.0,0 days 00:00:00,0.0,0.0,0,0.0,0,13.0,55.0,14,5,Finished,30.844626967830255
,2025012,839,210,14.0,13.0,0.0,52.0,1:38:33.036,5913036,52.0,9.0,1:30.818,252.0,1,2025,12,9,2025-07-06,British Grand Prix,52.0786,-1.01694,OCO,23.0,10,29.0,9,1:26.136,1:25.950,,0.0,0.0,0.0,0.0,0 days 00:00:00,0.0,0.0,0,0.0,0,23.0,29.0,9,7,Finished,28.799452429842574
,2025012,844,6,6.0,14.0,0.0,52.0,1:38:40.212,5920212,50.0,10.0,1:30.819,252.0,1,2025,12,9,2025-07-06,British Grand Prix,52.0786,-1.01694,LEC,119.0,5,222.0,2,1:26.186,1:25.133,1:25.121,0.0,0.0,0.0,0.0,0 days 00:00:00,0.0,0.0,0,0.0,0,119.0,210.0,5,2,Finished,27.720739219712527
,2025012,852,9,11.0,15.0,0.0,51.0,1:37:47.985,5867985,49.0,12.0,1:30.873,252.0,,2025,12,9,2025-07-06,British Grand Prix,52.0786,-1.01694,TSU,10.0,17,172.0,4,1:26.275,1:25.826,,0.0,0.0,0.0,0.0,0 days 00:00:00,0.0,0.0,0,0.0,0,10.0,162.0,17,4,Unknown,25.152635181382614
,2025012,863,131,10.0,16.0,0.0,23.0,,,9.0,16.0,1:39.336,,31,2025,12,9,2025-07-06,British Grand Prix,52.0786,-1.01694,ANT,63.0,7,210.0,3,1:26.265,1:25.620,1:25.374,0.0,0.0,0.0,0.0,0 days 00:00:00,0.0,0.0,0,0.0,0,63.0,209.0,7,3,DNF,
,2025012,865,215,12.0,17.0,0.0,17.0,,,9.0,17.0,1:41.705,191.0,31,2025,12,9,2025-07-06,British Grand Prix,52.0786,-1.01694,HAD,21.0,11,36.0,7,1:26.177,1:25.864,,0.0,0.0,0.0,0.0,0 days 00:00:00,0.0,0.0,0,0.0,0,21.0,36.0,11,6,DNF,
,2025012,864,15,16.0,18.0,0.0,3.0,,,1.0,18.0,2:15.202,128.0,31,2025,12,9,2025-07-06,British Grand Prix,52.0786,-1.01694,BOR,4.0,19,41.0,6,1:26.446,,,0.0,0.0,0.0,0.0,0 days 00:00:00,0.0,0.0,0,0.0,0,4.0,26.0,19,9,DNF,
,2025012,859,215,15.0,19.0,0.0,0.0,,,,,,,31,2025,12,9,2025-07-06,British Grand Prix,52.0786,-1.01694,LAW,12.0,16,36.0,7,1:26.440,,,0.0,0.0,0.0,0.0,0 days 00:00:00,0.0,0.0,0,0.0,0,12.0,36.0,15,6,DNF,23.397672826830938
,2025012,861,214,20.0,20.0,0.0,0.0,,,,,,,,2025,12,9,2025-07-06,British Grand Prix,52.0786,-1.01694,COL,0.0,20,19.0,10,1:27.060,,,0.0,0.0,0.0,0.0,0 days 00:00:00,0.0,0.0,0,0.0,0,0.0,11.0,20,10,Unknown,22.11088295687885
,2025013,857,1,2.0,1.0,25.0,44.0,1:25:22.601,5122601,43.0,4.0,1:45.706,222.0,1,2025,13,13,2025-07-27,Belgian Grand Prix,50.4372,5.97139,PIA,266.0,1,516.0,1,1:41.201,1:40.626,1:40.647,1.0,2.0,7.0,15.0,0 days 00:24:49.954000,1489954.0,6.0,1:46.061,1.0,1,234.0,460.0,1,1,Finished,24.306639288158795
,2025013,846,1,1.0,2.0,18.0,44.0,1:25:26.016,5126016,42.0,3.0,1:45.257,222.0,1,2025,13,13,2025-07-27,Belgian Grand Prix,50.4372,5.97139,NOR,250.0,2,516.0,1,1:41.010,1:40.715,1:40.562,3.0,3.0,6.0,15.0,0 days 00:24:49.290000,1489290.0,6.0,1:45.914,1.0,1,226.0,460.0,2,1,Finished,25.702943189596166
,2025013,844,6,3.0,3.0,15.0,44.0,1:25:42.786,5142786,40.0,9.0,1:46.174,221.0,1,2025,13,13,2025-07-27,Belgian Grand Prix,50.4372,5.97139,LEC,139.0,5,248.0,2,1:41.635,1:41.084,1:40.900,4.0,4.0,5.0,15.0,0 days 00:24:58.519000,1498519.0,2.0,1:46.343,1.0,1,119.0,222.0,5,2,Finished,27.7782340862423
,2025013,830,9,4.0,4.0,12.0,44.0,1:25:44.332,5144332,40.0,7.0,1:46.096,219.0,1,2025,13,13,2025-07-27,Belgian Grand Prix,50.4372,5.97139,VER,185.0,3,192.0,4,1:41.334,1:40.951,1:40.903,2.0,1.0,8.0,15.0,0 days 00:24:49.827000,1489827.0,6.0,1:46.052,1.0,0,165.0,172.0,3,4,Finished,27.822039698836413
,2025013,847,131,6.0,5.0,10.0,44.0,1:25:57.464,5157464,43.0,11.0,1:46.566,222.0,1,2025,13,13,2025-07-27,Belgian Grand Prix,50.4372,5.97139,RUS,157.0,4,220.0,3,1:41.784,1:41.254,1:41.260,13.0,12.0,0.0,15.0,0 days 00:25:08.572000,1508572.0,4.0,1:47.278,1.0,0,147.0,210.0,4,3,Finished,27.444216290212182
,2025013,848,3,5.0,6.0,8.0,44.0,1:26:02.527,5162527,38.0,15.0,1:46.813,221.0,1,2025,13,13,2025-07-27,Belgian Grand Prix,50.4372,5.97139,ALB,54.0,8,70.0,5,1:41.772,1:41.505,1:41.201,16.0,16.0,0.0,15.0,0 days 00:25:12.352000,1512352.0,6.0,1:47.419,1.0,0,46.0,59.0,8,5,Finished,29.34428473648186
,2025013,1,6,18.0,7.0,6.0,44.0,1:26:03.280,5163280,43.0,10.0,1:46.534,221.0,1,2025,13,13,2025-07-27,Belgian Grand Prix,50.4372,5.97139,HAM,109.0,6,248.0,2,1:41.939,,,18.0,15.0,0.0,15.0,0 days 00:25:10.594000,1510594.0,4.0,1:47.201,1.0,0,103.0,222.0,6,2,Finished,40.550308008213555
,2025013,859,215,9.0,8.0,4.0,44.0,1:26:14.634,5174634,38.0,12.0,1:46.649,220.0,1,2025,13,13,2025-07-27,Belgian Grand Prix,50.4372,5.97139,LAW,16.0,14,41.0,7,1:41.748,1:41.297,1:41.328,11.0,10.0,0.0,15.0,0 days 00:25:06.587000,1506587.0,2.0,1:47.249,1.0,0,12.0,36.0,16,7,Finished,23.45516769336071
,2025013,864,15,10.0,9.0,2.0,44.0,1:26:19.035,5179035,41.0,16.0,1:46.966,221.0,1,2025,13,13,2025-07-27,Belgian Grand Prix,50.4372,5.97139,BOR,6.0,19,43.0,6,1:41.908,1:41.336,1:42.387,10.0,9.0,0.0,15.0,0 days 00:25:06.409000,1506409.0,2.0,1:47.086,1.0,0,4.0,41.0,19,6,Finished,
,2025013,842,214,13.0,10.0,1.0,44.0,1:26:35.315,5195315,42.0,17.0,1:47.177,222.0,1,2025,13,13,2025-07-27,Belgian Grand Prix,50.4372,5.97139,GAS,20.0,12,20.0,10,1:41.800,1:41.633,,8.0,20.0,0.0,12.0,0 days 00:19:55.670000,1195670.0,6.0,1:47.651,31.0,0,19.0,19.0,13,10,Finished,29.467488021902806
,2025013,860,210,12.0,11.0,0.0,44.0,1:26:35.746,5195746,43.0,13.0,1:46.709,224.0,1,2025,13,13,2025-07-27,Belgian Grand Prix,50.4372,5.97139,BEA,8.0,18,35.0,9,1:41.617,1:41.617,,7.0,7.0,2.0,15.0,0 days 00:25:04.123000,1504123.0,2.0,1:47.038,1.0,0,6.0,29.0,18,9,Finished,20.21902806297057
,2025013,807,15,14.0,12.0,0.0,44.0,1:26:36.229,5196229,39.0,2.0,1:45.068,223.0,1,2025,13,13,2025-07-27,Belgian Grand Prix,50.4372,5.97139,HUL,37.0,9,43.0,6,1:41.844,1:41.707,,17.0,18.0,0.0,15.0,0 days 00:25:13.725000,1513725.0,8.0,1:47.575,1.0,0,37.0,41.0,9,6,Finished,37.93839835728953
,2025013,852,9,7.0,13.0,0.0,44.0,1:26:37.996,5197996,42.0,19.0,1:47.241,223.0,1,2025,13,13,2025-07-27,Belgian Grand Prix,50.4372,5.97139,TSU,10.0,17,192.0,4,1:41.840,1:41.245,1:41.284,12.0,11.0,0.0,15.0,0 days 00:25:07.676000,1507676.0,4.0,1:47.326,1.0,0,10.0,172.0,17,4,Finished,25.21013004791239
,2025013,840,117,16.0,14.0,0.0,44.0,1:26:42.432,5202432,38.0,18.0,1:47.212,222.0,1,2025,13,13,2025-07-27,Belgian Grand Prix,50.4372,5.97139,STR,20.0,12,36.0,8,1:42.502,,,15.0,13.0,0.0,15.0,0 days 00:25:08.766000,1508766.0,5.0,1:47.307,1.0,0,20.0,36.0,12,7,Finished,26.743326488706366
,2025013,839,210,11.0,15.0,0.0,44.0,1:26:48.664,5208664,44.0,14.0,1:46.744,223.0,1,2025,13,13,2025-07-27,Belgian Grand Prix,50.4372,5.97139,OCO,27.0,10,35.0,9,1:41.884,1:41.525,,5.0,5.0,4.0,15.0,0 days 00:25:00.709000,1500709.0,2.0,1:46.772,1.0,0,23.0,29.0,10,9,Finished,28.856947296372347
,2025013,863,131,19.0,16.0,0.0,44.0,1:26:49.322,5209322,32.0,1.0,1:44.861,222.0,1,2025,13,13,2025-07-27,Belgian Grand Prix,50.4372,5.97139,ANT,63.0,7,220.0,3,1:42.139,,,19.0,17.0,0.0,15.0,0 days 00:25:12.047000,1512047.0,5.0,1:46.698,1.0,0,63.0,210.0,7,3,Finished,
,2025013,4,117,20.0,17.0,0.0,44.0,1:26:50.525,5210525,32.0,5.0,1:45.849,221.0,1,2025,13,13,2025-07-27,Belgian Grand Prix,50.4372,5.97139,ALO,16.0,14,36.0,8,1:42.385,,,14.0,14.0,0.0,15.0,0 days 00:25:10.826000,1510826.0,5.0,1:47.444,1.0,0,16.0,36.0,14,7,Finished,43.99452429842574
,2025013,832,3,17.0,18.0,0.0,44.0,1:26:54.625,5214625,30.0,6.0,1:46.073,219.0,1,2025,13,13,2025-07-27,Belgian Grand Prix,50.4372,5.97139,SAI,16.0,14,70.0,5,1:41.691,1:41.758,,6.0,6.0,3.0,15.0,0 days 00:25:01.168000,1501168.0,7.0,1:46.770,1.0,0,13.0,59.0,15,5,Finished,30.902121834360027
,2025013,861,214,15.0,19.0,0.0,44.0,1:26:57.851,5217851,30.0,8.0,1:46.104,222.0,1,2025,13,13,2025-07-27,Belgian Grand Prix,50.4372,5.97139,COL,0.0,20,20.0,10,1:42.022,,,20.0,19.0,0.0,15.0,0 days 00:25:17.718000,1517718.0,15.0,1:47.944,1.0,0,0.0,19.0,20,10,Finished,22.168377823408623
,2025013,865,215,8.0,20.0,0.0,43.0,1:25:35.543,5135543,43.0,20.0,1:47.667,207.0,,2025,13,13,2025-07-27,Belgian Grand Prix,50.4372,5.97139,HAD,22.0,11,41.0,7,1:41.572,1:41.281,1:41.310,9.0,8.0,1.0,15.0,0 days 00:25:03.971000,1503971.0,2.0,1:46.973,1.0,0,21.0,36.0,11,7,Unknown,
,2025014,846,1,3.0,1.0,25.0,70.0,1:35:21.231,5721231,57.0,5.0,1:19.918,252.0,1,2025,14,11,2025-08-03,Hungarian Grand Prix,47.5789,19.2486,NOR,275.0,2,559.0,1,1:15.523,1:14.890,1:15.413,0.0,0.0,0.0,0.0,0 days 00:00:00,0.0,0.0,0,0.0,1,250.0,516.0,2,1,Finished,25.72210814510609
,2025014,857,1,2.0,2.0,18.0,70.0,1:35:21.929,5721929,56.0,2.0,1:19.412,251.0,1,2025,14,11,2025-08-03,Hungarian Grand Prix,47.5789,19.2486,PIA,284.0,1,559.0,1,1:15.211,1:14.941,1:15.398,0.0,0.0,0.0,0.0,0 days 00:00:00,0.0,0.0,0,0.0,1,266.0,516.0,1,1,Finished,24.32580424366872
,2025014,847,131,4.0,3.0,15.0,70.0,1:35:43.147,5743147,45.0,1.0,1:19.409,251.0,1,2025,14,11,2025-08-03,Hungarian Grand Prix,47.5789,19.2486,RUS,172.0,4,236.0,3,1:15.627,1:15.201,1:15.425,0.0,0.0,0.0,0.0,0 days 00:00:00,0.0,0.0,0,0.0,1,157.0,220.0,4,3,Finished,27.463381245722108
,2025014,844,6,1.0,4.0,12.0,70.0,1:36:03.791,5763791,47.0,9.0,1:20.440,250.0,1,2025,14,11,2025-08-03,Hungarian Grand Prix,47.5789,19.2486,LEC,151.0,5,260.0,2,1:15.582,1:15.455,1:15.372,0.0,0.0,0.0,0.0,0 days 00:00:00,0.0,0.0,0,0.0,0,139.0,248.0,5,2,Finished,27.797399041752225
,2025014,4,117,5.0,5.0,10.0,70.0,1:36:20.271,5780271,54.0,8.0,1:20.113,248.0,1,2025,14,11,2025-08-03,Hungarian Grand Prix,47.5789,19.2486,ALO,26.0,11,52.0,6,1:15.281,1:15.395,1:15.481,0.0,0.0,0.0,0.0,0 days 00:00:00,0.0,0.0,0,0.0,0,16.0,36.0,14,8,Finished,44.01368925393566
,2025014,864,15,7.0,6.0,8.0,70.0,1:36:27.400,5787400,48.0,11.0,1:20.705,247.0,1,2025,14,11,2025-08-03,Hungarian Grand Prix,47.5789,19.2486,BOR,14.0,17,51.0,7,1:15.586,1:15.687,1:15.725,0.0,0.0,0.0,0.0,0 days 00:00:00,0.0,0.0,0,0.0,0,6.0,43.0,19,6,Finished,
,2025014,840,117,6.0,7.0,6.0,70.0,1:36:29.405,5789405,55.0,12.0,1:20.708,248.0,1,2025,14,11,2025-08-03,Hungarian Grand Prix,47.5789,19.2486,STR,26.0,11,52.0,6,1:15.673,1:15.129,1:15.498,0.0,0.0,0.0,0.0,0 days 00:00:00,0.0,0.0,0,0.0,0,20.0,36.0,12,8,Finished,26.76249144421629
,2025014,859,215,9.0,8.0,4.0,70.0,1:36:30.682,5790682,56.0,10.0,1:20.457,249.0,1,2025,14,11,2025-08-03,Hungarian Grand Prix,47.5789,19.2486,LAW,20.0,14,45.0,8,1:15.849,1:15.630,1:15.821,0.0,0.0,0.0,0.0,0 days 00:00:00,0.0,0.0,0,0.0,0,16.0,41.0,14,7,Finished,23.474332648870636
,2025014,830,9,8.0,9.0,2.0,70.0,1:36:33.876,5793876,50.0,3.0,1:19.576,248.0,1,2025,14,11,2025-08-03,Hungarian Grand Prix,47.5789,19.2486,VER,187.0,3,194.0,4,1:15.736,1:15.547,1:15.728,0.0,0.0,0.0,0.0,0 days 00:00:00,0.0,0.0,0,0.0,0,185.0,192.0,3,4,Finished,27.84120465434634
,2025014,863,131,15.0,10.0,1.0,69.0,1:35:28.880,5728880,54.0,13.0,1:20.745,249.0,,2025,14,11,2025-08-03,Hungarian Grand Prix,47.5789,19.2486,ANT,64.0,7,236.0,3,1:15.782,1:16.386,,0.0,0.0,0.0,0.0,0 days 00:00:00,0.0,0.0,0,0.0,0,63.0,220.0,7,3,Unknown,
,2025014,865,215,10.0,11.0,0.0,69.0,1:35:29.731,5729731,48.0,15.0,1:20.802,247.0,,2025,14,11,2025-08-03,Hungarian Grand Prix,47.5789,19.2486,HAD,22.0,13,45.0,8,1:15.516,1:15.469,1:15.915,0.0,0.0,0.0,0.0,0 days 00:00:00,0.0,0.0,0,0.0,0,22.0,41.0,11,7,Unknown,
,2025014,1,6,12.0,12.0,0.0,69.0,1:35:31.092,5731092,55.0,7.0,1:20.022,249.0,,2025,14,11,2025-08-03,Hungarian Grand Prix,47.5789,19.2486,HAM,109.0,6,260.0,2,1:15.733,1:15.702,,0.0,0.0,0.0,0.0,0 days 00:00:00,0.0,0.0,0,0.0,0,109.0,248.0,6,2,Unknown,40.56947296372348
,2025014,807,15,18.0,13.0,0.0,69.0,1:35:52.499,5752499,67.0,6.0,1:20.013,250.0,,2025,14,11,2025-08-03,Hungarian Grand Prix,47.5789,19.2486,HUL,37.0,9,51.0,7,1:16.081,,,0.0,0.0,0.0,0.0,0 days 00:00:00,0.0,0.0,0,0.0,0,37.0,43.0,9,6,Unknown,37.95756331279945
,2025014,832,3,13.0,14.0,0.0,69.0,1:35:54.557,5754557,53.0,4.0,1:19.790,250.0,,2025,14,11,2025-08-03,Hungarian Grand Prix,47.5789,19.2486,SAI,16.0,16,70.0,5,1:15.652,1:15.781,,0.0,0.0,0.0,0.0,0 days 00:00:00,0.0,0.0,0,0.0,0,16.0,70.0,14,5,Unknown,30.921286789869953
,2025014,848,3,19.0,15.0,0.0,69.0,1:35:59.342,5759342,49.0,14.0,1:20.779,250.0,,2025,14,11,2025-08-03,Hungarian Grand Prix,47.5789,19.2486,ALB,54.0,8,70.0,5,1:16.223,,,0.0,0.0,0.0,0.0,0 days 00:00:00,0.0,0.0,0,0.0,0,54.0,70.0,8,5,Unknown,29.363449691991786
,2025014,839,210,17.0,16.0,0.0,69.0,1:36:06.489,5766489,17.0,19.0,1:21.916,247.0,,2025,14,11,2025-08-03,Hungarian Grand Prix,47.5789,19.2486,OCO,27.0,10,35.0,9,1:16.023,,,0.0,0.0,0.0,0.0,0 days 00:00:00,0.0,0.0,0,0.0,0,27.0,35.0,10,9,Unknown,28.876112251882272
,2025014,852,9,20.0,17.0,0.0,69.0,1:36:08.174,5768174,46.0,17.0,1:21.180,250.0,,2025,14,11,2025-08-03,Hungarian Grand Prix,47.5789,19.2486,TSU,10.0,18,194.0,4,1:15.899,,,0.0,0.0,0.0,0.0,0 days 00:00:00,0.0,0.0,0,0.0,0,10.0,192.0,17,4,Unknown,25.229295003422312
,2025014,861,214,14.0,18.0,0.0,69.0,1:36:08.601,5768601,37.0,16.0,1:20.827,248.0,,2025,14,11,2025-08-03,Hungarian Grand Prix,47.5789,19.2486,COL,0.0,20,20.0,10,1:15.875,1:16.159,,0.0,0.0,0.0,0.0,0 days 00:00:00,0.0,0.0,0,0.0,0,0.0,20.0,20,10,Unknown,22.187542778918548
,2025014,842,214,16.0,19.0,0.0,69.0,1:36:17.575,5777575,46.0,18.0,1:21.433,248.0,,2025,14,11,2025-08-03,Hungarian Grand Prix,47.5789,19.2486,GAS,20.0,14,20.0,10,1:15.966,,,0.0,0.0,0.0,0.0,0 days 00:00:00,0.0,0.0,0,0.0,0,20.0,20.0,12,10,Unknown,29.48665297741273
,2025014,860,210,11.0,20.0,0.0,48.0,,,37.0,20.0,1:21.989,247.0,31,2025,14,11,2025-08-03,Hungarian Grand Prix,47.5789,19.2486,BEA,8.0,19,35.0,9,1:15.750,1:15.694,,0.0,0.0,0.0,0.0,0 days 00:00:00,0.0,0.0,0,0.0,0,8.0,35.0,18,9,DNF,20.238193018480494
,2025015,857,1,1.0,1.0,25.0,72.0,1:38:29.849,5909849,60.0,1.0,1:12.271,294.0,1,2025,15,39,2025-08-31,Dutch Grand Prix,52.3888,4.54092,PIA,309.0,1,584.0,1,1:09.338,1:08.964,1:08.662,0.0,0.0,0.0,0.0,0 days 00:00:00,0.0,0.0,0,0.0,1,284.0,559.0,1,1,Finished,24.40246406570842
,2025015,830,9,3.0,2.0,18.0,72.0,1:38:31.120,5911120,70.0,3.0,1:12.921,299.0,1,2025,15,39,2025-08-31,Dutch Grand Prix,52.3888,4.54092,VER,205.0,3,214.0,4,1:09.696,1:09.122,1:08.925,0.0,0.0,0.0,0.0,0 days 00:00:00,0.0,0.0,0,0.0,1,187.0,194.0,3,4,Finished,27.917864476386036
,2025015,865,215,4.0,3.0,15.0,72.0,1:38:33.082,5913082,70.0,5.0,1:13.327,300.0,1,2025,15,39,2025-08-31,Dutch Grand Prix,52.3888,4.54092,HAD,37.0,9,60.0,7,1:09.966,1:09.439,1:09.208,0.0,0.0,0.0,0.0,0 days 00:00:00,0.0,0.0,0,0.0,1,22.0,45.0,13,8,Finished,
,2025015,847,131,5.0,4.0,12.0,72.0,1:38:35.503,5915503,70.0,9.0,1:13.728,301.0,1,2025,15,39,2025-08-31,Dutch Grand Prix,52.3888,4.54092,RUS,184.0,4,248.0,3,1:09.676,1:09.313,1:09.255,0.0,0.0,0.0,0.0,0 days 00:00:00,0.0,0.0,0,0.0,0,172.0,236.0,4,3,Finished,27.540041067761805
,2025015,848,3,15.0,5.0,10.0,72.0,1:38:36.176,5916176,70.0,7.0,1:13.687,319.0,1,2025,15,39,2025-08-31,Dutch Grand Prix,52.3888,4.54092,ALB,64.0,7,80.0,5,1:09.792,1:09.652,,0.0,0.0,0.0,0.0,0 days 00:00:00,0.0,0.0,0,0.0,0,54.0,70.0,8,5,Finished,29.440109514031484
,2025015,860,210,20.0,6.0,8.0,72.0,1:38:38.893,5918893,70.0,13.0,1:13.950,302.0,1,2025,15,39,2025-08-31,Dutch Grand Prix,52.3888,4.54092,BEA,16.0,16,44.0,9,1:10.262,,,0.0,0.0,0.0,0.0,0 days 00:00:00,0.0,0.0,0,0.0,0,8.0,35.0,19,9,Finished,20.314852840520192
,2025015,840,117,19.0,7.0,6.0,72.0,1:38:39.346,5919346,70.0,11.0,1:13.822,325.0,1,2025,15,39,2025-08-31,Dutch Grand Prix,52.3888,4.54092,STR,32.0,11,62.0,6,,,,0.0,0.0,0.0,0.0,0 days 00:00:00,0.0,0.0,0,0.0,0,26.0,52.0,11,6,Finished,26.83915126625599
,2025015,4,117,10.0,8.0,4.0,72.0,1:38:41.558,5921558,42.0,8.0,1:13.719,297.0,1,2025,15,39,2025-08-31,Dutch Grand Prix,52.3888,4.54092,ALO,30.0,12,62.0,6,1:09.950,1:09.366,1:09.630,0.0,0.0,0.0,0.0,0 days 00:00:00,0.0,0.0,0,0.0,0,26.0,52.0,11,6,Finished,44.09034907597536
,2025015,852,9,12.0,9.0,2.0,72.0,1:38:43.446,5923446,71.0,16.0,1:14.354,302.0,1,2025,15,39,2025-08-31,Dutch Grand Prix,52.3888,4.54092,TSU,12.0,19,214.0,4,1:09.954,1:09.622,,0.0,0.0,0.0,0.0,0 days 00:00:00,0.0,0.0,0,0.0,0,10.0,194.0,18,4,Finished,25.305954825462013
,2025015,839,210,18.0,10.0,1.0,72.0,1:38:43.912,5923912,71.0,14.0,1:13.986,318.0,1,2025,15,39,2025-08-31,Dutch Grand Prix,52.3888,4.54092,OCO,28.0,13,44.0,9,1:10.197,,,0.0,0.0,0.0,0.0,0 days 00:00:00,0.0,0.0,0,0.0,0,27.0,35.0,10,9,Finished,28.95277207392197
,2025015,861,214,16.0,11.0,0.0,72.0,1:38:44.360,5924360,72.0,4.0,1:13.049,326.0,1,2025,15,39,2025-08-31,Dutch Grand Prix,52.3888,4.54092,COL,0.0,20,20.0,10,1:10.104,,,0.0,0.0,0.0,0.0,0 days 00:00:00,0.0,0.0,0,0.0,0,0.0,20.0,20,10,Finished,22.26420260095825
,2025015,859,215,8.0,12.0,0.0,72.0,1:38:46.912,5926912,60.0,12.0,1:13.879,298.0,1,2025,15,39,2025-08-31,Dutch Grand Prix,52.3888,4.54092,LAW,20.0,14,60.0,7,1:09.779,1:09.383,1:09.500,0.0,0.0,0.0,0.0,0 days 00:00:00,0.0,0.0,0,0.0,0,20.0,45.0,14,8,Finished,23.550992470910334
,2025015,832,3,9.0,13.0,0.0,72.0,1:38:47.225,5927225,58.0,10.0,1:13.808,303.0,1,2025,15,39,2025-08-31,Dutch Grand Prix,52.3888,4.54092,SAI,16.0,16,80.0,5,1:09.980,1:09.472,1:09.505,0.0,0.0,0.0,0.0,0 days 00:00:00,0.0,0.0,0,0.0,0,16.0,70.0,16,5,Finished,30.99794661190965
,2025015,807,15,17.0,14.0,0.0,72.0,1:38:49.574,5929574,61.0,18.0,1:14.912,327.0,1,2025,15,39,2025-08-31,Dutch Grand Prix,52.3888,4.54092,HUL,37.0,9,51.0,8,1:10.195,,,0.0,0.0,0.0,0.0,0 days 00:00:00,0.0,0.0,0,0.0,0,37.0,51.0,9,7,Finished,38.03422313483915
,2025015,864,15,13.0,15.0,0.0,72.0,1:38:51.414,5931414,63.0,15.0,1:14.307,302.0,1,2025,15,39,2025-08-31,Dutch Grand Prix,52.3888,4.54092,BOR,14.0,18,51.0,8,1:10.037,1:09.622,,0.0,0.0,0.0,0.0,0 days 00:00:00,0.0,0.0,0,0.0,0,14.0,51.0,17,7,Finished,
,2025015,863,131,11.0,16.0,0.0,72.0,1:38:51.878,5931878,70.0,6.0,1:13.480,324.0,1,2025,15,39,2025-08-31,Dutch Grand Prix,52.3888,4.54092,ANT,64.0,7,248.0,3,1:09.845,1:09.493,,0.0,0.0,0.0,0.0,0 days 00:00:00,0.0,0.0,0,0.0,0,64.0,236.0,7,3,Finished,
,2025015,842,214,14.0,17.0,0.0,72.0,1:38:53.478,5933478,59.0,19.0,1:15.248,301.0,1,2025,15,39,2025-08-31,Dutch Grand Prix,52.3888,4.54092,GAS,20.0,14,20.0,10,1:09.894,1:09.637,,0.0,0.0,0.0,0.0,0 days 00:00:00,0.0,0.0,0,0.0,0,20.0,20.0,14,10,Finished,29.56331279945243
,2025015,846,1,2.0,18.0,0.0,64.0,,,59.0,2.0,1:12.379,316.0,31,2025,15,39,2025-08-31,Dutch Grand Prix,52.3888,4.54092,NOR,275.0,2,584.0,1,1:09.469,1:08.874,1:08.674,0.0,0.0,0.0,0.0,0 days 00:00:00,0.0,0.0,0,0.0,0,275.0,559.0,2,1,DNF,25.79876796714579
,2025015,844,6,6.0,19.0,0.0,52.0,,,33.0,17.0,1:14.557,316.0,31,2025,15,39,2025-08-31,Dutch Grand Prix,52.3888,4.54092,LEC,151.0,5,260.0,2,1:09.906,1:09.304,1:09.340,0.0,0.0,0.0,0.0,0 days 00:00:00,0.0,0.0,0,0.0,0,151.0,260.0,5,2,DNF,27.874058863791923
,2025015,1,6,7.0,20.0,0.0,22.0,,,6.0,20.0,1:15.684,317.0,31,2025,15,39,2025-08-31,Dutch Grand Prix,52.3888,4.54092,HAM,109.0,6,260.0,2,1:09.900,1:09.261,1:09.390,0.0,0.0,0.0,0.0,0 days 00:00:00,0.0,0.0,0,0.0,0,109.0,260.0,6,2,DNF,40.64613278576318
,2025016,830,9,1.0,1.0,25.0,53.0,1:13:24.325,4404325,52.0,2.0,1:21.003,319.0,1,2025,16,14,2025-09-07,Italian Grand Prix,45.6156,9.28111,VER,230.0,3,239.0,4,1:19.455,1:19.140,1:18.792,0.0,0.0,0.0,0.0,0 days 00:00:00,0.0,0.0,0,0.0,1,205.0,214.0,3,4,Finished,27.93702943189596
,2025016,846,1,2.0,2.0,18.0,53.0,1:13:43.532,4423532,53.0,1.0,1:20.901,315.0,1,2025,16,14,2025-09-07,Italian Grand Prix,45.6156,9.28111,NOR,293.0,2,617.0,1,1:19.517,1:19.293,1:18.869,0.0,0.0,0.0,0.0,0 days 00:00:00,0.0,0.0,0,0.0,1,275.0,584.0,2,1,Finished,25.817932922655714
,2025016,857,1,3.0,3.0,15.0,53.0,1:13:45.676,4425676,47.0,3.0,1:21.245,315.0,1,2025,16,14,2025-09-07,Italian Grand Prix,45.6156,9.28111,PIA,324.0,1,617.0,1,1:19.711,1:19.286,1:18.982,0.0,0.0,0.0,0.0,0 days 00:00:00,0.0,0.0,0,0.0,1,309.0,584.0,1,1,Finished,24.421629021218344
,2025016,844,6,4.0,4.0,12.0,53.0,1:13:49.949,4429949,53.0,4.0,1:21.294,317.0,1,2025,16,14,2025-09-07,Italian Grand Prix,45.6156,9.28111,LEC,163.0,5,280.0,2,1:19.689,1:19.310,1:19.007,0.0,0.0,0.0,0.0,0 days 00:00:00,0.0,0.0,0,0.0,0,151.0,260.0,5,2,Finished,27.89322381930185
,2025016,847,131,5.0,5.0,10.0,53.0,1:13:57.206,4437206,45.0,8.0,1:21.800,315.0,1,2025,16,14,2025-09-07,Italian Grand Prix,45.6156,9.28111,RUS,194.0,4,260.0,3,1:19.414,1:19.287,1:19.157,0.0,0.0,0.0,0.0,0 days 00:00:00,0.0,0.0,0,0.0,0,184.0,248.0,4,3,Finished,27.55920602327173
,2025016,1,6,10.0,6.0,8.0,53.0,1:14:01.774,4441774,50.0,6.0,1:21.546,317.0,1,2025,16,14,2025-09-07,Italian Grand Prix,45.6156,9.28111,HAM,117.0,6,280.0,2,1:19.765,1:19.371,1:19.124,0.0,0.0,0.0,0.0,0 days 00:00:00,0.0,0.0,0,0.0,0,109.0,260.0,6,2,Finished,40.6652977412731
,2025016,848,3,14.0,7.0,6.0,53.0,1:14:14.862,4454862,53.0,5.0,1:21.368,315.0,1,2025,16,14,2025-09-07,Italian Grand Prix,45.6156,9.28111,ALB,70.0,7,86.0,5,1:19.837,1:19.583,,0.0,0.0,0.0,0.0,0 days 00:00:00,0.0,0.0,0,0.0,0,64.0,80.0,7,5,Finished,29.45927446954141
,2025016,864,15,7.0,8.0,4.0,53.0,1:14:22.809,4462809,51.0,12.0,1:22.139,319.0,1,2025,16,14,2025-09-07,Italian Grand Prix,45.6156,9.28111,BOR,18.0,16,55.0,8,1:19.688,1:19.323,1:19.390,0.0,0.0,0.0,0.0,0 days 00:00:00,0.0,0.0,0,0.0,0,14.0,51.0,18,8,Finished,
,2025016,863,131,6.0,9.0,2.0,53.0,1:14:24.087,4464087,53.0,10.0,1:21.968,314.0,1,2025,16,14,2025-09-07,Italian Grand Prix,45.6156,9.28111,ANT,66.0,8,260.0,3,1:19.747,1:19.245,1:19.200,0.0,0.0,0.0,0.0,0 days 00:00:00,0.0,0.0,0,0.0,0,64.0,248.0,7,3,Finished,
,2025016,865,215,19.0,10.0,1.0,53.0,1:14:28.216,4468216,46.0,11.0,1:22.133,317.0,1,2025,16,14,2025-09-07,Italian Grand Prix,45.6156,9.28111,HAD,38.0,9,61.0,7,1:19.917,,,0.0,0.0,0.0,0.0,0 days 00:00:00,0.0,0.0,0,0.0,0,37.0,60.0,9,7,Finished,
,2025016,832,3,13.0,11.0,0.0,53.0,1:14:28.794,4468794,47.0,7.0,1:21.740,319.0,1,2025,16,14,2025-09-07,Italian Grand Prix,45.6156,9.28111,SAI,16.0,17,86.0,5,1:19.644,1:19.528,,0.0,0.0,0.0,0.0,0 days 00:00:00,0.0,0.0,0,0.0,0,16.0,80.0,16,5,Finished,31.017111567419576
,2025016,860,210,11.0,12.0,0.0,53.0,1:14:43.613,4483613,53.0,9.0,1:21.820,309.0,1,2025,16,14,2025-09-07,Italian Grand Prix,45.6156,9.28111,BEA,16.0,17,44.0,9,1:19.688,1:19.446,,0.0,0.0,0.0,0.0,0 days 00:00:00,0.0,0.0,0,0.0,0,16.0,44.0,16,9,Finished,20.334017796030118
,2025016,852,9,9.0,13.0,0.0,53.0,1:14:45.026,4485026,52.0,16.0,1:22.712,314.0,1,2025,16,14,2025-09-07,Italian Grand Prix,45.6156,9.28111,TSU,12.0,19,239.0,4,1:19.619,1:19.433,1:19.519,0.0,0.0,0.0,0.0,0 days 00:00:00,0.0,0.0,0,0.0,0,12.0,214.0,19,4,Finished,25.32511978097194
,2025016,859,215,18.0,14.0,0.0,53.0,1:14:46.676,4486676,49.0,17.0,1:22.777,317.0,1,2025,16,14,2025-09-07,Italian Grand Prix,45.6156,9.28111,LAW,20.0,14,61.0,7,1:20.279,,,0.0,0.0,0.0,0.0,0 days 00:00:00,0.0,0.0,0,0.0,0,20.0,60.0,14,7,Finished,23.57015742642026
,2025016,839,210,15.0,15.0,0.0,52.0,1:13:26.460,4406460,48.0,18.0,1:22.892,314.0,,2025,16,14,2025-09-07,Italian Grand Prix,45.6156,9.28111,OCO,28.0,13,44.0,9,1:19.816,1:19.707,,0.0,0.0,0.0,0.0,0 days 00:00:00,0.0,0.0,0,0.0,0,28.0,44.0,13,9,Unknown,28.971937029431896
,2025016,842,214,20.0,16.0,0.0,52.0,1:13:30.162,4410162,52.0,14.0,1:22.185,313.0,,2025,16,14,2025-09-07,Italian Grand Prix,45.6156,9.28111,GAS,20.0,14,20.0,10,1:20.103,,,0.0,0.0,0.0,0.0,0 days 00:00:00,0.0,0.0,0,0.0,0,20.0,20.0,14,10,Unknown,29.582477754962355
,2025016,861,214,17.0,17.0,0.0,52.0,1:13:31.773,4411773,48.0,15.0,1:22.239,313.0,,2025,16,14,2025-09-07,Italian Grand Prix,45.6156,9.28111,COL,0.0,20,20.0,10,1:19.992,,,0.0,0.0,0.0,0.0,0 days 00:00:00,0.0,0.0,0,0.0,0,0.0,20.0,20,10,Unknown,22.28336755646817
,2025016,840,117,16.0,18.0,0.0,52.0,1:13:33.626,4413626,51.0,13.0,1:22.164,315.0,,2025,16,14,2025-09-07,Italian Grand Prix,45.6156,9.28111,STR,32.0,11,62.0,6,1:19.948,,,0.0,0.0,0.0,0.0,0 days 00:00:00,0.0,0.0,0,0.0,0,32.0,62.0,11,6,Unknown,26.858316221765914
,2025016,4,117,8.0,19.0,0.0,24.0,,,23.0,19.0,1:23.757,310.0,31,2025,16,14,2025-09-07,Italian Grand Prix,45.6156,9.28111,ALO,30.0,12,62.0,6,1:19.658,1:19.362,1:19.424,0.0,0.0,0.0,0.0,0 days 00:00:00,0.0,0.0,0,0.0,0,30.0,62.0,12,6,DNF,44.10951403148528
,2025016,807,15,12.0,20.0,0.0,0.0,,,,,,,,2025,16,14,2025-09-07,Italian Grand Prix,45.6156,9.28111,HUL,37.0,10,55.0,8,1:19.777,1:19.498,,0.0,0.0,0.0,0.0,0 days 00:00:00,0.0,0.0,0,0.0,0,37.0,51.0,9,8,Unknown,38.053388090349074
,2025017,830,9,1.0,1.0,25.0,51.0,1:33:26.408,5606408,50.0,1.0,1:43.388,322.0,1,2025,17,73,2025-09-21,Azerbaijan Grand Prix,40.3725,49.8533,VER,255.0,3,272.0,4,1:41.331,1:41.255,1:41.117,0.0,0.0,0.0,0.0,0 days 00:00:00,0.0,0.0,0,0.0,1,230.0,239.0,3,4,Finished,27.975359342915812
,2025017,847,131,5.0,2.0,18.0,51.0,1:33:41.017,5621017,42.0,2.0,1:43.754,324.0,1,2025,17,73,2025-09-21,Azerbaijan Grand Prix,40.3725,49.8533,RUS,212.0,4,290.0,2,1:41.646,1:41.455,1:42.070,0.0,0.0,0.0,0.0,0 days 00:00:00,0.0,0.0,0,0.0,1,194.0,260.0,4,3,Finished,27.59753593429158
,2025017,832,3,2.0,3.0,15.0,51.0,1:33:45.607,5625607,47.0,4.0,1:43.972,323.0,1,2025,17,73,2025-09-21,Azerbaijan Grand Prix,40.3725,49.8533,SAI,31.0,12,101.0,5,1:42.635,1:41.675,1:41.595,0.0,0.0,0.0,0.0,0 days 00:00:00,0.0,0.0,0,0.0,1,16.0,86.0,17,5,Finished,31.055441478439427
,2025017,863,131,4.0,4.0,12.0,51.0,1:33:48.168,5628168,47.0,6.0,1:44.091,329.0,1,2025,17,73,2025-09-21,Azerbaijan Grand Prix,40.3725,49.8533,ANT,78.0,7,290.0,2,1:42.247,1:41.464,1:41.717,0.0,0.0,0.0,0.0,0 days 00:00:00,0.0,0.0,0,0.0,0,66.0,260.0,8,3,Finished,
,2025017,859,215,3.0,5.0,10.0,51.0,1:33:59.698,5639698,49.0,13.0,1:44.531,309.0,1,2025,17,73,2025-09-21,Azerbaijan Grand Prix,40.3725,49.8533,LAW,30.0,13,72.0,6,1:42.257,1:41.537,1:41.707,0.0,0.0,0.0,0.0,0 days 00:00:00,0.0,0.0,0,0.0,0,20.0,61.0,14,7,Finished,23.60848733744011
,2025017,852,9,6.0,6.0,8.0,51.0,1:34:00.216,5640216,41.0,12.0,1:44.434,342.0,1,2025,17,73,2025-09-21,Azerbaijan Grand Prix,40.3725,49.8533,TSU,20.0,16,272.0,4,1:42.347,1:41.788,1:42.143,0.0,0.0,0.0,0.0,0 days 00:00:00,0.0,0.0,0,0.0,0,12.0,239.0,19,4,Finished,25.363449691991786
,2025017,846,1,7.0,7.0,6.0,51.0,1:34:00.635,5640635,42.0,8.0,1:44.155,341.0,1,2025,17,73,2025-09-21,Azerbaijan Grand Prix,40.3725,49.8533,NOR,299.0,2,623.0,1,1:41.322,1:41.396,1:42.239,0.0,0.0,0.0,0.0,0 days 00:00:00,0.0,0.0,0,0.0,0,293.0,617.0,2,1,Finished,25.856262833675565
,2025017,1,6,12.0,8.0,4.0,51.0,1:34:02.718,5642718,40.0,5.0,1:43.977,321.0,1,2025,17,73,2025-09-21,Azerbaijan Grand Prix,40.3725,49.8533,HAM,121.0,6,286.0,3,1:41.821,1:42.183,,0.0,0.0,0.0,0.0,0 days 00:00:00,0.0,0.0,0,0.0,0,117.0,280.0,6,2,Finished,40.70362765229295
,2025017,844,6,10.0,9.0,2.0,51.0,1:34:03.182,5643182,50.0,9.0,1:44.274,328.0,1,2025,17,73,2025-09-21,Azerbaijan Grand Prix,40.3725,49.8533,LEC,165.0,5,286.0,3,1:41.458,1:41.519,,0.0,0.0,0.0,0.0,0 days 00:00:00,0.0,0.0,0,0.0,0,163.0,280.0,5,2,Finished,27.9315537303217
,2025017,865,215,8.0,10.0,1.0,51.0,1:34:05.390,5645390,50.0,3.0,1:43.884,317.0,1,2025,17,73,2025-09-21,Azerbaijan Grand Prix,40.3725,49.8533,HAD,39.0,9,72.0,6,1:41.656,1:41.647,1:42.372,0.0,0.0,0.0,0.0,0 days 00:00:00,0.0,0.0,0,0.0,0,38.0,61.0,9,7,Finished,
,2025017,864,15,13.0,11.0,0.0,51.0,1:34:34.014,5674014,45.0,14.0,1:44.930,314.0,1,2025,17,73,2025-09-21,Azerbaijan Grand Prix,40.3725,49.8533,BOR,18.0,18,55.0,8,1:42.511,1:42.277,,0.0,0.0,0.0,0.0,0 days 00:00:00,0.0,0.0,0,0.0,0,18.0,55.0,16,8,Finished,
,2025017,860,210,15.0,12.0,0.0,51.0,1:34:34.670,5674670,31.0,10.0,1:44.288,322.0,1,2025,17,73,2025-09-21,Azerbaijan Grand Prix,40.3725,49.8533,BEA,16.0,19,44.0,9,1:42.666,,,0.0,0.0,0.0,0.0,0 days 00:00:00,0.0,0.0,0,0.0,0,16.0,44.0,17,9,Finished,20.372347707049965
,2025017,848,3,19.0,13.0,0.0,51.0,1:34:39.278,5679278,51.0,7.0,1:44.152,322.0,1,2025,17,73,2025-09-21,Azerbaijan Grand Prix,40.3725,49.8533,ALB,70.0,8,101.0,5,1:43.778,,,0.0,0.0,0.0,0.0,0 days 00:00:00,0.0,0.0,0,0.0,0,70.0,86.0,7,5,Finished,29.49760438056126
,2025017,839,210,20.0,14.0,0.0,51.0,1:34:43.988,5683988,50.0,17.0,1:45.388,318.0,1,2025,17,73,2025-09-21,Azerbaijan Grand Prix,40.3725,49.8533,OCO,28.0,15,44.0,9,,,,0.0,0.0,0.0,0.0,0 days 00:00:00,0.0,0.0,0,0.0,0,28.0,44.0,13,9,Finished,29.010266940451746
,2025017,4,117,11.0,15.0,0.0,51.0,1:34:45.115,5685115,50.0,15.0,1:45.002,328.0,1,2025,17,73,2025-09-21,Azerbaijan Grand Prix,40.3725,49.8533,ALO,30.0,13,62.0,7,1:42.211,1:41.857,,0.0,0.0,0.0,0.0,0 days 00:00:00,0.0,0.0,0,0.0,0,30.0,62.0,12,6,Finished,44.14784394250513
,2025017,807,15,17.0,16.0,0.0,51.0,1:34:46.645,5686645,47.0,11.0,1:44.370,316.0,1,2025,17,73,2025-09-21,Azerbaijan Grand Prix,40.3725,49.8533,HUL,37.0,10,55.0,8,1:42.916,,,0.0,0.0,0.0,0.0,0 days 00:00:00,0.0,0.0,0,0.0,0,37.0,55.0,10,8,Finished,38.091718001368925
,2025017,840,117,14.0,17.0,0.0,51.0,1:35:02.800,5702800,50.0,16.0,1:45.083,323.0,1,2025,17,73,2025-09-21,Azerbaijan Grand Prix,40.3725,49.8533,STR,32.0,11,62.0,7,1:42.101,1:43.061,,0.0,0.0,0.0,0.0,0 days 00:00:00,0.0,0.0,0,0.0,0,32.0,62.0,11,6,Finished,26.89664613278576
,2025017,842,214,18.0,18.0,0.0,50.0,1:33:30.273,5610273,37.0,18.0,1:45.492,318.0,,2025,17,73,2025-09-21,Azerbaijan Grand Prix,40.3725,49.8533,GAS,20.0,16,20.0,10,1:43.139,,,0.0,0.0,0.0,0.0,0 days 00:00:00,0.0,0.0,0,0.0,0,20.0,20.0,14,10,Unknown,29.620807665982205
,2025017,861,214,16.0,19.0,0.0,50.0,1:33:32.733,5612733,40.0,19.0,1:46.055,326.0,,2025,17,73,2025-09-21,Azerbaijan Grand Prix,40.3725,49.8533,COL,0.0,20,20.0,10,1:42.779,,,0.0,0.0,0.0,0.0,0 days 00:00:00,0.0,0.0,0,0.0,0,0.0,20.0,20,10,Unknown,22.321697467488022
,2025017,857,1,9.0,20.0,0.0,0.0,,,,,,,31,2025,17,73,2025-09-21,Azerbaijan Grand Prix,40.3725,49.8533,PIA,324.0,1,623.0,1,1:41.839,1:41.414,,0.0,0.0,0.0,0.0,0 days 00:00:00,0.0,0.0,0,0.0,0,324.0,617.0,1,1,DNF,24.459958932238195
,2025018,847,131,1.0,1.0,25.0,62.0,1:40:22.367,6022367,27.0,11.0,1:35.676,251.0,1,2025,18,15,2025-10-05,Singapore Grand Prix,1.2914,103.864,RUS,237.0,4,325.0,2,1:29.928,1:29.562,1:29.158,0.0,0.0,0.0,0.0,0 days 00:00:00,0.0,0.0,0,0.0,1,212.0,290.0,4,2,Finished,27.63586584531143
,2025018,830,9,2.0,2.0,18.0,62.0,1:40:27.797,6027797,30.0,10.0,1:35.649,252.0,1,2025,18,15,2025-10-05,Singapore Grand Prix,1.2914,103.864,VER,273.0,3,290.0,4,1:30.028,1:29.572,1:29.340,0.0,0.0,0.0,0.0,0 days 00:00:00,0.0,0.0,0,0.0,1,255.0,272.0,3,4,Finished,28.01368925393566
,2025018,846,1,5.0,3.0,15.0,62.0,1:40:28.433,6028433,36.0,7.0,1:35.555,253.0,1,2025,18,15,2025-10-05,Singapore Grand Prix,1.2914,103.864,NOR,314.0,2,650.0,1,1:29.932,1:29.809,1:29.586,0.0,0.0,0.0,0.0,0 days 00:00:00,0.0,0.0,0,0.0,1,299.0,623.0,2,1,Finished,25.894592744695416
,2025018,857,1,3.0,4.0,12.0,62.0,1:40:30.513,6030513,31.0,6.0,1:35.408,253.0,1,2025,18,15,2025-10-05,Singapore Grand Prix,1.2914,103.864,PIA,336.0,1,650.0,1,1:30.313,1:29.813,1:29.524,0.0,0.0,0.0,0.0,0 days 00:00:00,0.0,0.0,0,0.0,0,324.0,623.0,1,1,Finished,24.49828884325804
,2025018,863,131,4.0,5.0,10.0,62.0,1:40:56.048,6056048,27.0,4.0,1:35.303,251.0,1,2025,18,15,2025-10-05,Singapore Grand Prix,1.2914,103.864,ANT,88.0,7,325.0,2,1:30.036,1:29.649,1:29.537,0.0,0.0,0.0,0.0,0 days 00:00:00,0.0,0.0,0,0.0,0,78.0,290.0,7,2,Finished,
,2025018,844,6,7.0,6.0,8.0,62.0,1:41:08.363,6068363,41.0,14.0,1:35.983,253.0,1,2025,18,15,2025-10-05,Singapore Grand Prix,1.2914,103.864,LEC,173.0,5,298.0,3,1:30.370,1:29.914,1:29.784,0.0,0.0,0.0,0.0,0 days 00:00:00,0.0,0.0,0,0.0,0,165.0,286.0,5,3,Finished,27.969883641341546
,2025018,4,117,10.0,7.0,6.0,62.0,1:41:43.034,6103034,52.0,13.0,1:35.862,255.0,1,2025,18,15,2025-10-05,Singapore Grand Prix,1.2914,103.864,ALO,36.0,11,68.0,7,1:30.745,1:30.054,1:29.955,0.0,0.0,0.0,0.0,0 days 00:00:00,0.0,0.0,0,0.0,0,30.0,62.0,13,7,Finished,44.186173853524984
,2025018,1,6,6.0,8.0,4.0,62.0,1:41:47.618,6107618,48.0,1.0,1:33.808,253.0,1,2025,18,15,2025-10-05,Singapore Grand Prix,1.2914,103.864,HAM,125.0,6,298.0,3,1:29.765,1:29.936,1:29.688,0.0,0.0,0.0,0.0,0 days 00:00:00,0.0,0.0,0,0.0,0,121.0,286.0,6,3,Finished,40.7419575633128
,2025018,860,210,9.0,9.0,2.0,62.0,1:41:55.894,6115894,56.0,15.0,1:36.201,255.0,1,2025,18,15,2025-10-05,Singapore Grand Prix,1.2914,103.864,BEA,18.0,18,46.0,9,1:30.420,1:30.076,1:29.868,0.0,0.0,0.0,0.0,0 days 00:00:00,0.0,0.0,0,0.0,0,16.0,44.0,19,9,Finished,20.410677618069816
,2025018,832,3,18.0,10.0,1.0,61.0,1:40:33.121,6033121,61.0,3.0,1:34.963,254.0,,2025,18,15,2025-10-05,Singapore Grand Prix,1.2914,103.864,SAI,32.0,12,102.0,5,,,,0.0,0.0,0.0,0.0,0 days 00:00:00,0.0,0.0,0,0.0,0,31.0,101.0,12,5,Unknown,31.093771389459274
,2025018,865,215,8.0,11.0,0.0,61.0,1:40:39.702,6039702,54.0,18.0,1:36.938,248.0,,2025,18,15,2025-10-05,Singapore Grand Prix,1.2914,103.864,HAD,39.0,9,72.0,6,1:30.214,1:30.016,1:29.846,0.0,0.0,0.0,0.0,0 days 00:00:00,0.0,0.0,0,0.0,0,39.0,72.0,9,6,Unknown,
,2025018,852,9,13.0,12.0,0.0,61.0,1:40:41.636,6041636,45.0,17.0,1:36.831,252.0,,2025,18,15,2025-10-05,Singapore Grand Prix,1.2914,103.864,TSU,20.0,16,290.0,4,1:30.574,1:30.353,,0.0,0.0,0.0,0.0,0 days 00:00:00,0.0,0.0,0,0.0,0,20.0,272.0,16,4,Unknown,25.401779603011637
,2025018,840,117,15.0,13.0,0.0,61.0,1:40:46.857,6046857,60.0,12.0,1:35.851,253.0,,2025,18,15,2025-10-05,Singapore Grand Prix,1.2914,103.864,STR,32.0,12,68.0,7,1:30.949,,,0.0,0.0,0.0,0.0,0 days 00:00:00,0.0,0.0,0,0.0,0,32.0,62.0,11,7,Unknown,26.934976043805612
,2025018,848,3,20.0,14.0,0.0,61.0,1:40:47.687,6047687,60.0,9.0,1:35.648,255.0,,2025,18,15,2025-10-05,Singapore Grand Prix,1.2914,103.864,ALB,70.0,8,102.0,5,,,,0.0,0.0,0.0,0.0,0 days 00:00:00,0.0,0.0,0,0.0,0,70.0,101.0,8,5,Unknown,29.53593429158111
,2025018,859,215,12.0,15.0,0.0,61.0,1:40:49.512,6049512,61.0,8.0,1:35.641,253.0,,2025,18,15,2025-10-05,Singapore Grand Prix,1.2914,103.864,LAW,30.0,14,72.0,6,1:30.681,1:30.320,,0.0,0.0,0.0,0.0,0 days 00:00:00,0.0,0.0,0,0.0,0,30.0,72.0,13,6,Unknown,23.64681724845996
,2025018,861,214,16.0,16.0,0.0,61.0,1:41:05.257,6065257,17.0,20.0,1:37.182,249.0,,2025,18,15,2025-10-05,Singapore Grand Prix,1.2914,103.864,COL,0.0,20,20.0,10,1:30.982,,,0.0,0.0,0.0,0.0,0 days 00:00:00,0.0,0.0,0,0.0,0,0.0,20.0,20,10,Unknown,22.360027378507873
,2025018,864,15,14.0,17.0,0.0,61.0,1:41:09.120,6069120,16.0,19.0,1:37.126,247.0,,2025,18,15,2025-10-05,Singapore Grand Prix,1.2914,103.864,BOR,18.0,18,55.0,8,1:30.820,,,0.0,0.0,0.0,0.0,0 days 00:00:00,0.0,0.0,0,0.0,0,18.0,55.0,18,8,Unknown,
,2025018,839,210,17.0,18.0,0.0,61.0,1:41:09.500,6069500,32.0,16.0,1:36.646,250.0,,2025,18,15,2025-10-05,Singapore Grand Prix,1.2914,103.864,OCO,28.0,15,46.0,9,1:30.989,,,0.0,0.0,0.0,0.0,0 days 00:00:00,0.0,0.0,0,0.0,0,28.0,44.0,15,9,Unknown,29.048596851471594
,2025018,842,214,19.0,19.0,0.0,61.0,1:41:09.828,6069828,53.0,2.0,1:34.573,255.0,,2025,18,15,2025-10-05,Singapore Grand Prix,1.2914,103.864,GAS,20.0,16,20.0,10,1:31.261,,,0.0,0.0,0.0,0.0,0 days 00:00:00,0.0,0.0,0,0.0,0,20.0,20.0,16,10,Unknown,29.659137577002053
,2025018,807,15,11.0,20.0,0.0,61.0,1:41:11.407,6071407,47.0,5.0,1:35.404,251.0,,2025,18,15,2025-10-05,Singapore Grand Prix,1.2914,103.864,HUL,37.0,10,55.0,8,1:30.715,1:30.141,,0.0,0.0,0.0,0.0,0 days 00:00:00,0.0,0.0,0,0.0,0,37.0,55.0,10,8,Unknown,38.130047912388775
,2025019,830,9,1.0,1.0,25.0,56.0,1:34:00.161,5640161,35.0,3.0,1:37.991,203.0,1,2025,19,69,2025-10-19,United States Grand Prix,30.1328,-97.6411,VER,306.0,3,331.0,4,1:33.207,1:32.701,1:32.510,1.0,1.0,8.0,19.0,0 days 00:25:31.944000,1531944.0,7.0,1:36.527,1.0,1,273.0,290.0,3,4,Finished,28.05201916495551
,2025019,846,1,2.0,2.0,18.0,56.0,1:34:08.120,5648120,35.0,2.0,1:37.620,204.0,1,2025,19,69,2025-10-19,United States Grand Prix,30.1328,-97.6411,NOR,332.0,2,678.0,1,1:33.843,1:32.876,1:32.801,2.0,18.0,0.0,1.0,0 days 00:00:00,0.0,0.0,0,31.0,1,314.0,650.0,2,1,Finished,25.932922655715263
,2025019,844,6,3.0,3.0,15.0,56.0,1:34:15.534,5655534,47.0,5.0,1:38.231,204.0,1,2025,19,69,2025-10-19,United States Grand Prix,30.1328,-97.6411,LEC,192.0,5,334.0,3,1:33.525,1:32.869,1:32.807,10.0,5.0,4.0,19.0,0 days 00:28:03.246000,1683246.0,7.0,1:37.391,1.0,1,173.0,298.0,5,3,Finished,28.008213552361397
,2025019,1,6,5.0,4.0,12.0,56.0,1:34:28.697,5668697,55.0,8.0,1:38.361,205.0,1,2025,19,69,2025-10-19,United States Grand Prix,30.1328,-97.6411,HAM,142.0,6,334.0,3,1:33.685,1:32.914,1:32.912,8.0,4.0,5.0,19.0,0 days 00:28:00.759000,1680759.0,10.0,1:37.096,1.0,0,125.0,298.0,6,3,Finished,40.780287474332646
,2025019,857,1,6.0,5.0,10.0,56.0,1:34:29.839,5669839,55.0,10.0,1:38.564,203.0,1,2025,19,69,2025-10-19,United States Grand Prix,30.1328,-97.6411,PIA,346.0,1,678.0,1,1:33.746,1:33.228,1:33.084,3.0,19.0,0.0,1.0,0 days 00:00:00,0.0,0.0,0,31.0,0,336.0,650.0,1,1,Finished,24.536618754277892
,2025019,847,131,4.0,6.0,8.0,56.0,1:34:33.617,5673617,35.0,4.0,1:38.224,203.0,1,2025,19,69,2025-10-19,United States Grand Prix,30.1328,-97.6411,RUS,252.0,4,341.0,2,1:33.311,1:33.058,1:32.826,5.0,2.0,7.0,19.0,0 days 00:28:04.525000,1684525.0,7.0,1:36.556,1.0,0,237.0,325.0,4,2,Finished,27.67419575633128
,2025019,852,9,13.0,7.0,6.0,56.0,1:34:52.875,5692875,54.0,13.0,1:38.803,202.0,1,2025,19,69,2025-10-19,United States Grand Prix,30.1328,-97.6411,TSU,28.0,15,331.0,4,1:33.935,1:33.466,,18.0,7.0,2.0,19.0,0 days 00:30:30.858000,1830858.0,15.0,1:38.268,1.0,0,20.0,290.0,16,4,Finished,25.440109514031484
,2025019,807,15,11.0,8.0,4.0,56.0,1:34:57.410,5697410,54.0,9.0,1:38.372,200.0,1,2025,19,69,2025-10-19,United States Grand Prix,30.1328,-97.6411,HUL,41.0,9,59.0,8,1:33.551,1:33.334,,4.0,13.0,0.0,19.0,0 days 00:30:23.852000,1823852.0,8.0,1:38.917,1.0,0,37.0,55.0,10,8,Finished,38.168377823408626
,2025019,860,210,8.0,9.0,2.0,56.0,1:35:04.883,5704883,32.0,16.0,1:39.119,205.0,1,2025,19,69,2025-10-19,United States Grand Prix,30.1328,-97.6411,BEA,20.0,17,48.0,9,1:33.921,1:33.238,1:33.139,16.0,15.0,0.0,19.0,0 days 00:30:30.016000,1830016.0,8.0,1:38.435,1.0,0,18.0,46.0,18,9,Finished,20.449007529089666
,2025019,4,117,10.0,10.0,1.0,56.0,1:35:10.162,5710162,54.0,12.0,1:38.789,205.0,1,2025,19,69,2025-10-19,United States Grand Prix,30.1328,-97.6411,ALO,37.0,12,69.0,7,1:33.741,1:33.237,1:33.160,6.0,20.0,0.0,1.0,0 days 00:00:00,0.0,0.0,0,31.0,0,36.0,68.0,11,7,Finished,44.224503764544835
,2025019,859,215,12.0,11.0,0.0,56.0,1:35:13.370,5713370,53.0,14.0,1:38.983,205.0,1,2025,19,69,2025-10-19,United States Grand Prix,30.1328,-97.6411,LAW,30.0,14,72.0,6,1:33.549,1:33.360,,15.0,9.0,0.0,19.0,0 days 00:30:27.346000,1827346.0,10.0,1:38.654,1.0,0,30.0,72.0,14,6,Finished,23.685147159479808
,2025019,840,117,19.0,12.0,0.0,56.0,1:35:14.939,5714939,54.0,15.0,1:39.071,204.0,1,2025,19,69,2025-10-19,United States Grand Prix,30.1328,-97.6411,STR,32.0,13,69.0,7,1:34.540,,,14.0,17.0,0.0,16.0,0 days 00:21:14.596000,1274596.0,8.0,1:38.766,31.0,0,32.0,68.0,12,7,Finished,26.973305954825463
,2025019,863,131,7.0,13.0,0.0,56.0,1:35:15.907,5715907,33.0,1.0,1:37.577,203.0,1,2025,19,69,2025-10-19,United States Grand Prix,30.1328,-97.6411,ANT,89.0,7,341.0,2,1:33.501,1:33.044,1:33.114,11.0,8.0,1.0,19.0,0 days 00:30:28.421000,1828421.0,8.0,1:37.758,1.0,0,88.0,325.0,7,2,Finished,
,2025019,848,3,18.0,14.0,0.0,56.0,1:35:20.161,5720161,38.0,7.0,1:38.328,203.0,1,2025,19,69,2025-10-19,United States Grand Prix,30.1328,-97.6411,ALB,73.0,8,111.0,5,1:34.690,,,9.0,6.0,3.0,19.0,0 days 00:28:01.140000,1681140.0,7.0,1:38.220,1.0,0,70.0,102.0,8,5,Finished,29.574264202600958
,2025019,839,210,17.0,15.0,0.0,56.0,1:35:23.204,5723204,31.0,18.0,1:39.263,202.0,1,2025,19,69,2025-10-19,United States Grand Prix,30.1328,-97.6411,OCO,28.0,15,48.0,9,1:34.136,,,19.0,16.0,0.0,16.0,0 days 00:21:16.351000,1276351.0,7.0,1:38.701,31.0,0,28.0,46.0,15,9,Finished,29.086926762491444
,2025019,865,215,20.0,16.0,0.0,56.0,1:35:32.968,5732968,54.0,11.0,1:38.724,202.0,1,2025,19,69,2025-10-19,United States Grand Prix,30.1328,-97.6411,HAD,39.0,10,72.0,6,,,,12.0,12.0,0.0,19.0,0 days 00:32:19.023000,1939023.0,9.0,1:39.018,1.0,0,39.0,72.0,9,6,Finished,
,2025019,861,214,15.0,17.0,0.0,55.0,1:34:02.468,5642468,54.0,17.0,1:39.173,193.0,,2025,19,69,2025-10-19,United States Grand Prix,30.1328,-97.6411,COL,0.0,20,20.0,10,1:34.039,1:34.044,,17.0,14.0,0.0,19.0,0 days 00:34:51.085000,2091085.0,10.0,1:39.235,1.0,0,0.0,20.0,20,10,Unknown,22.39835728952772
,2025019,864,15,16.0,18.0,0.0,55.0,1:34:03.718,5643718,39.0,6.0,1:38.275,204.0,,2025,19,69,2025-10-19,United States Grand Prix,30.1328,-97.6411,BOR,18.0,19,59.0,8,1:34.125,,,20.0,11.0,0.0,19.0,0 days 00:30:26.501000,1826501.0,7.0,1:38.746,1.0,0,18.0,55.0,18,8,Unknown,
,2025019,842,214,14.0,19.0,0.0,55.0,1:34:06.316,5646316,30.0,19.0,1:39.270,202.0,,2025,19,69,2025-10-19,United States Grand Prix,30.1328,-97.6411,GAS,20.0,17,20.0,10,1:33.599,1:33.651,,13.0,10.0,0.0,19.0,0 days 00:30:30.737000,1830737.0,7.0,1:38.932,1.0,0,20.0,20.0,16,10,Unknown,29.697467488021903
,2025019,832,3,9.0,20.0,0.0,5.0,,,3.0,20.0,1:40.327,198.0,31,2025,19,69,2025-10-19,United States Grand Prix,30.1328,-97.6411,SAI,38.0,11,111.0,5,1:33.739,1:33.124,1:33.150,7.0,3.0,6.0,19.0,0 days 00:28:03.466000,1683466.0,6.0,1:37.510,1.0,0,32.0,102.0,12,5,DNF,31.132101300479125
,2025020,846,1,1.0,1.0,25.0,71.0,1:37:58.574,5878574,45.0,8.0,1:20.764,250.0,1,2025,20,32,2025-10-26,Mexico City Grand Prix,19.4042,-99.0907,NOR,357.0,1,713.0,1,1:16.899,1:16.252,1:15.586,0.0,0.0,0.0,0.0,0 days 00:00:00,0.0,0.0,0,0.0,1,332.0,678.0,2,1,Finished,25.95208761122519
,2025020,844,6,2.0,2.0,18.0,71.0,1:38:28.898,5908898,45.0,14.0,1:21.588,247.0,1,2025,20,32,2025-10-26,Mexico City Grand Prix,19.4042,-99.0907,LEC,210.0,5,356.0,2,1:17.024,1:16.658,1:15.848,0.0,0.0,0.0,0.0,0 days 00:00:00,0.0,0.0,0,0.0,1,192.0,334.0,5,3,Finished,28.027378507871322
,2025020,830,9,5.0,3.0,15.0,71.0,1:38:29.623,5909623,50.0,10.0,1:21.108,247.0,1,2025,20,32,2025-10-26,Mexico City Grand Prix,19.4042,-99.0907,VER,321.0,3,346.0,4,1:17.076,1:16.605,1:16.070,0.0,0.0,0.0,0.0,0 days 00:00:00,0.0,0.0,0,0.0,1,306.0,331.0,3,4,Finished,28.071184120465436
,2025020,860,210,9.0,4.0,12.0,71.0,1:38:39.529,5919529,51.0,7.0,1:20.705,250.0,1,2025,20,32,2025-10-26,Mexico City Grand Prix,19.4042,-99.0907,BEA,32.0,13,62.0,8,1:17.040,1:16.787,1:16.460,0.0,0.0,0.0,0.0,0 days 00:00:00,0.0,0.0,0,0.0,0,20.0,48.0,17,9,Finished,20.468172484599588
,2025020,857,1,7.0,5.0,10.0,71.0,1:38:40.639,5920639,53.0,3.0,1:20.422,251.0,1,2025,20,32,2025-10-26,Mexico City Grand Prix,19.4042,-99.0907,PIA,356.0,2,713.0,1,1:17.158,1:16.737,1:16.174,0.0,0.0,0.0,0.0,0 days 00:00:00,0.0,0.0,0,0.0,0,346.0,678.0,1,1,Finished,24.555783709787818
,2025020,863,131,6.0,6.0,8.0,71.0,1:38:46.411,5926411,58.0,9.0,1:20.826,248.0,1,2025,20,32,2025-10-26,Mexico City Grand Prix,19.4042,-99.0907,ANT,97.0,7,355.0,3,1:17.291,1:16.773,1:16.118,0.0,0.0,0.0,0.0,0 days 00:00:00,0.0,0.0,0,0.0,0,89.0,341.0,7,2,Finished,
,2025020,847,131,4.0,7.0,6.0,71.0,1:38:48.861,5928861,50.0,1.0,1:20.052,251.0,1,2025,20,32,2025-10-26,Mexico City Grand Prix,19.4042,-99.0907,RUS,258.0,4,355.0,3,1:16.895,1:16.537,1:16.034,0.0,0.0,0.0,0.0,0 days 00:00:00,0.0,0.0,0,0.0,0,252.0,341.0,4,2,Finished,27.693360711841205
,2025020,1,6,3.0,8.0,4.0,71.0,1:38:55.020,5935020,50.0,6.0,1:20.601,250.0,1,2025,20,32,2025-10-26,Mexico City Grand Prix,19.4042,-99.0907,HAM,146.0,6,356.0,2,1:16.736,1:16.458,1:15.938,0.0,0.0,0.0,0.0,0 days 00:00:00,0.0,0.0,0,0.0,0,142.0,334.0,6,3,Finished,40.799452429842574
,2025020,839,210,11.0,9.0,2.0,71.0,1:39:14.038,5954038,65.0,17.0,1:21.869,249.0,1,2025,20,32,2025-10-26,Mexico City Grand Prix,19.4042,-99.0907,OCO,30.0,15,62.0,8,1:16.948,1:16.837,,0.0,0.0,0.0,0.0,0 days 00:00:00,0.0,0.0,0,0.0,0,28.0,48.0,15,9,Finished,29.10609171800137
,2025020,864,15,16.0,10.0,1.0,71.0,1:39:15.437,5955437,39.0,11.0,1:21.121,248.0,1,2025,20,32,2025-10-26,Mexico City Grand Prix,19.4042,-99.0907,BOR,19.0,19,60.0,9,1:17.412,,,0.0,0.0,0.0,0.0,0 days 00:00:00,0.0,0.0,0,0.0,0,18.0,59.0,19,8,Finished,
,2025020,852,9,10.0,11.0,0.0,71.0,1:39:17.622,5957622,44.0,13.0,1:21.486,248.0,1,2025,20,32,2025-10-26,Mexico City Grand Prix,19.4042,-99.0907,TSU,28.0,17,346.0,4,1:17.234,1:16.816,,0.0,0.0,0.0,0.0,0 days 00:00:00,0.0,0.0,0,0.0,0,28.0,331.0,15,4,Finished,25.45927446954141
,2025020,848,3,17.0,12.0,0.0,70.0,1:38:01.024,5881024,45.0,4.0,1:20.480,250.0,,2025,20,32,2025-10-26,Mexico City Grand Prix,19.4042,-99.0907,ALB,73.0,8,111.0,5,1:17.490,,,0.0,0.0,0.0,0.0,0 days 00:00:00,0.0,0.0,0,0.0,0,73.0,111.0,8,5,Unknown,29.593429158110883
,2025020,865,215,8.0,13.0,0.0,70.0,1:38:05.230,5885230,44.0,16.0,1:21.714,246.0,,2025,20,32,2025-10-26,Mexico City Grand Prix,19.4042,-99.0907,HAD,39.0,10,72.0,6,1:16.733,1:16.804,1:16.252,0.0,0.0,0.0,0.0,0 days 00:00:00,0.0,0.0,0,0.0,0,39.0,72.0,10,6,Unknown,
,2025020,840,117,19.0,14.0,0.0,70.0,1:38:05.609,5885609,45.0,5.0,1:20.593,247.0,,2025,20,32,2025-10-26,Mexico City Grand Prix,19.4042,-99.0907,STR,32.0,13,69.0,7,1:17.606,,,0.0,0.0,0.0,0.0,0 days 00:00:00,0.0,0.0,0,0.0,0,32.0,69.0,13,7,Unknown,26.99247091033539
,2025020,842,214,18.0,15.0,0.0,70.0,1:38:42.654,5922654,43.0,18.0,1:22.271,246.0,,2025,20,32,2025-10-26,Mexico City Grand Prix,19.4042,-99.0907,GAS,20.0,18,20.0,10,1:17.546,,,0.0,0.0,0.0,0.0,0 days 00:00:00,0.0,0.0,0,0.0,0,20.0,20.0,17,10,Unknown,29.71663244353183
,2025020,861,214,20.0,16.0,0.0,70.0,1:38:42.950,5922950,50.0,12.0,1:21.342,248.0,,2025,20,32,2025-10-26,Mexico City Grand Prix,19.4042,-99.0907,COL,0.0,20,20.0,10,1:17.670,,,0.0,0.0,0.0,0.0,0 days 00:00:00,0.0,0.0,0,0.0,0,0.0,20.0,20,10,Unknown,22.417522245037645
,2025020,832,3,12.0,17.0,0.0,67.0,,,48.0,2.0,1:20.098,250.0,31,2025,20,32,2025-10-26,Mexico City Grand Prix,19.4042,-99.0907,SAI,38.0,11,111.0,5,1:17.171,1:16.607,1:16.172,0.0,0.0,0.0,0.0,0 days 00:00:00,0.0,0.0,0,0.0,0,38.0,111.0,11,5,DNF,31.15126625598905
,2025020,4,117,14.0,18.0,0.0,34.0,,,22.0,15.0,1:21.708,245.0,31,2025,20,32,2025-10-26,Mexico City Grand Prix,19.4042,-99.0907,ALO,37.0,12,69.0,7,1:17.232,1:17.103,,0.0,0.0,0.0,0.0,0 days 00:00:00,0.0,0.0,0,0.0,0,37.0,69.0,12,7,DNF,44.24366872005476
,2025020,807,15,13.0,19.0,0.0,25.0,,,14.0,19.0,1:23.091,245.0,31,2025,20,32,2025-10-26,Mexico City Grand Prix,19.4042,-99.0907,HUL,41.0,9,60.0,9,1:17.251,1:17.016,,0.0,0.0,0.0,0.0,0 days 00:00:00,0.0,0.0,0,0.0,0,41.0,59.0,9,8,DNF,38.18754277891855
,2025020,859,215,15.0,20.0,0.0,5.0,,,4.0,20.0,1:25.124,241.0,31,2025,20,32,2025-10-26,Mexico City Grand Prix,19.4042,-99.0907,LAW,30.0,15,72.0,6,1:16.961,1:18.072,,0.0,0.0,0.0,0.0,0 days 00:00:00,0.0,0.0,0,0.0,0,30.0,72.0,14,6,DNF,23.704312114989733
,2025021,846,1,1.0,1.0,25.0,71.0,1:32:01.596,5521596,66.0,6.0,1:13.040,308.0,1,2025,21,18,2025-11-09,São Paulo Grand Prix,-23.7036,-46.6997,NOR,390.0,1,756.0,1,1:09.656,1:09.616,1:09.511,1.0,1.0,8.0,24.0,0 days 00:27:52.928000,1672928.0,11.0,1:12.120,1.0,1,357.0,713.0,1,1,Finished,25.99041752224504
,2025021,863,131,2.0,2.0,18.0,71.0,1:32:11.984,5531984,52.0,9.0,1:13.123,307.0,1,2025,21,18,2025-11-09,São Paulo Grand Prix,-23.7036,-46.6997,ANT,122.0,7,398.0,2,1:10.192,1:09.774,1:09.685,2.0,2.0,7.0,24.0,0 days 00:27:54.850000,1674850.0,10.0,1:12.138,1.0,1,97.0,355.0,7,3,Finished,
,2025021,830,9,19.0,3.0,15.0,71.0,1:32:12.346,5532346,56.0,2.0,1:12.447,312.0,1,2025,21,18,2025-11-09,São Paulo Grand Prix,-23.7036,-46.6997,VER,341.0,3,366.0,3,1:10.403,,,6.0,4.0,5.0,24.0,0 days 00:28:01.408000,1681408.0,12.0,1:12.617,1.0,1,321.0,346.0,3,4,Finished,28.109514031485283
,2025021,847,131,6.0,4.0,12.0,71.0,1:32:16.863,5536863,52.0,8.0,1:13.097,310.0,1,2025,21,18,2025-11-09,São Paulo Grand Prix,-23.7036,-46.6997,RUS,276.0,4,398.0,2,1:09.935,1:09.880,1:09.942,4.0,3.0,6.0,24.0,0 days 00:27:58.595000,1678595.0,10.0,1:12.263,1.0,0,258.0,355.0,4,3,Finished,27.731690622861056
,2025021,857,1,4.0,5.0,10.0,71.0,1:32:17.345,5537345,54.0,3.0,1:12.742,311.0,1,2025,21,18,2025-11-09,São Paulo Grand Prix,-23.7036,-46.6997,PIA,366.0,2,756.0,1,1:09.928,1:09.835,1:09.886,3.0,19.0,0.0,6.0,0 days 00:04:53.849000,293849.0,5.0,1:12.992,31.0,0,356.0,713.0,2,1,Finished,24.594113620807665
,2025021,860,210,8.0,6.0,8.0,71.0,1:32:31.226,5551226,48.0,13.0,1:13.483,326.0,1,2025,21,18,2025-11-09,São Paulo Grand Prix,-23.7036,-46.6997,BEA,40.0,11,70.0,8,1:09.891,1:09.755,1:09.977,15.0,12.0,0.0,24.0,0 days 00:28:49.633000,1729633.0,12.0,1:13.757,1.0,0,32.0,62.0,13,8,Finished,20.50650239561944
,2025021,859,215,7.0,7.0,6.0,71.0,1:32:54.238,5574238,21.0,18.0,1:14.029,330.0,1,2025,21,18,2025-11-09,São Paulo Grand Prix,-23.7036,-46.6997,LAW,36.0,14,82.0,6,1:10.108,1:09.950,1:09.962,17.0,16.0,0.0,24.0,0 days 00:28:55.081000,1735081.0,13.0,1:13.896,1.0,0,30.0,72.0,15,6,Finished,23.742642026009584
,2025021,865,215,5.0,8.0,4.0,71.0,1:32:54.469,5574469,40.0,15.0,1:13.694,309.0,1,2025,21,18,2025-11-09,São Paulo Grand Prix,-23.7036,-46.6997,HAD,43.0,9,82.0,6,1:10.083,1:09.970,1:09.931,9.0,10.0,0.0,24.0,0 days 00:28:42.909000,1722909.0,12.0,1:13.444,1.0,0,39.0,72.0,10,6,Finished,
,2025021,807,15,10.0,9.0,2.0,71.0,1:32:54.920,5574920,39.0,11.0,1:13.474,320.0,1,2025,21,18,2025-11-09,São Paulo Grand Prix,-23.7036,-46.6997,HUL,43.0,9,62.0,9,1:10.337,1:09.985,1:10.039,10.0,15.0,0.0,24.0,0 days 00:24:55.480000,1495480.0,9.0,1:12.186,1.0,0,41.0,60.0,9,9,Finished,38.2258726899384
,2025021,842,214,9.0,10.0,1.0,71.0,1:32:55.510,5575510,42.0,16.0,1:13.736,307.0,1,2025,21,18,2025-11-09,São Paulo Grand Prix,-23.7036,-46.6997,GAS,22.0,18,22.0,10,1:09.885,1:09.857,1:10.002,13.0,8.0,1.0,24.0,0 days 00:28:30.196000,1710196.0,13.0,1:13.155,1.0,0,20.0,20.0,18,10,Finished,29.754962354551676
,2025021,848,3,12.0,11.0,0.0,71.0,1:32:55.780,5575780,59.0,1.0,1:12.400,327.0,1,2025,21,18,2025-11-09,São Paulo Grand Prix,-23.7036,-46.6997,ALB,73.0,8,111.0,5,1:10.115,1:10.053,,12.0,17.0,0.0,24.0,0 days 00:29:06.900000,1746900.0,5.0,1:13.372,1.0,0,73.0,111.0,8,5,Finished,29.631759069130734
,2025021,839,210,20.0,12.0,0.0,71.0,1:32:56.292,5576292,10.0,12.0,1:13.481,306.0,1,2025,21,18,2025-11-09,São Paulo Grand Prix,-23.7036,-46.6997,OCO,30.0,16,70.0,8,1:10.438,,,18.0,11.0,0.0,24.0,0 days 00:28:49.273000,1729273.0,12.0,1:13.791,1.0,0,30.0,62.0,15,8,Finished,29.144421629021217
,2025021,832,3,15.0,13.0,0.0,71.0,1:32:57.016,5577016,19.0,14.0,1:13.683,331.0,1,2025,21,18,2025-11-09,São Paulo Grand Prix,-23.7036,-46.6997,SAI,38.0,13,111.0,5,1:10.184,1:10.472,,20.0,14.0,0.0,24.0,0 days 00:28:52.720000,1732720.0,22.0,1:13.712,1.0,0,38.0,111.0,11,5,Finished,31.189596167008897
,2025021,4,117,11.0,14.0,0.0,71.0,1:32:57.362,5577362,48.0,10.0,1:13.312,307.0,1,2025,21,18,2025-11-09,São Paulo Grand Prix,-23.7036,-46.6997,ALO,40.0,11,72.0,7,1:10.181,1:10.001,,5.0,6.0,3.0,24.0,0 days 00:28:22.395000,1702395.0,11.0,1:13.226,1.0,0,37.0,69.0,12,7,Finished,44.28199863107461
,2025021,861,214,16.0,15.0,0.0,71.0,1:32:59.373,5579373,45.0,5.0,1:12.816,305.0,1,2025,21,18,2025-11-09,São Paulo Grand Prix,-23.7036,-46.6997,COL,0.0,20,22.0,10,1:10.632,,,16.0,20.0,0.0,6.0,0 days 00:05:00.895000,300895.0,4.0,1:14.056,31.0,0,0.0,20.0,20,10,Finished,22.455852156057496
,2025021,840,117,14.0,16.0,0.0,71.0,1:32:59.843,5579843,56.0,7.0,1:13.094,307.0,1,2025,21,18,2025-11-09,São Paulo Grand Prix,-23.7036,-46.6997,STR,32.0,15,72.0,7,1:10.041,1:10.161,,7.0,9.0,0.0,24.0,0 days 00:28:32.455000,1712455.0,13.0,1:13.197,1.0,0,32.0,69.0,13,7,Finished,27.030800821355236
,2025021,852,9,17.0,17.0,0.0,71.0,1:33:10.772,5590772,49.0,4.0,1:12.774,308.0,1,2025,21,18,2025-11-09,São Paulo Grand Prix,-23.7036,-46.6997,TSU,28.0,17,366.0,3,1:10.711,,,19.0,13.0,0.0,24.0,0 days 00:28:54.824000,1734824.0,12.0,1:13.921,1.0,0,28.0,346.0,17,4,Finished,25.49760438056126
,2025021,1,6,13.0,18.0,0.0,37.0,,,35.0,17.0,1:13.844,308.0,31,2025,21,18,2025-11-09,São Paulo Grand Prix,-23.7036,-46.6997,HAM,148.0,6,362.0,4,1:10.016,1:10.100,,11.0,7.0,2.0,24.0,0 days 00:28:25.937000,1705937.0,13.0,1:12.955,1.0,0,146.0,356.0,6,2,DNF,40.837782340862425
,2025021,844,6,3.0,19.0,0.0,5.0,,,1.0,19.0,1:19.556,307.0,31,2025,21,18,2025-11-09,São Paulo Grand Prix,-23.7036,-46.6997,LEC,214.0,5,362.0,4,1:09.934,1:09.801,1:09.805,8.0,5.0,4.0,24.0,0 days 00:28:22.078000,1702078.0,23.0,1:13.111,1.0,0,210.0,356.0,5,2,DNF,28.06570841889117
,2025021,864,15,18.0,20.0,0.0,0.0,,,,,,,31,2025,21,18,2025-11-09,São Paulo Grand Prix,-23.7036,-46.6997,BOR,19.0,19,62.0,9,,,,14.0,18.0,0.0,24.0,0 days 00:27:25.629000,1645629.0,13.0,1:13.517,31.0,0,19.0,60.0,19,9,DNF,
,2025022,830,9,2.0,1.0,25.0,50.0,1:21:08.429,4868429,50.0,1.0,1:33.365,318.0,1,2025,22,80,2025-11-22,Las Vegas Grand Prix,36.1147,-115.173,VER,366.0,2,391.0,3,1:53.458,1:51.593,1:48.257,0.0,0.0,0.0,0.0,0 days 00:00:00,0.0,0.0,0,0.0,1,341.0,366.0,3,3,Finished,28.145106091718002
,2025022,847,131,4.0,2.0,18.0,50.0,1:21:31.975,4891975,50.0,10.0,1:34.592,318.0,1,2025,22,80,2025-11-22,Las Vegas Grand Prix,36.1147,-115.173,RUS,294.0,4,431.0,2,1:53.144,1:50.935,1:48.803,0.0,0.0,0.0,0.0,0 days 00:00:00,0.0,0.0,0,0.0,1,276.0,398.0,4,2,Finished,27.76728268309377
,2025022,863,131,17.0,3.0,15.0,50.0,1:21:38.917,4898917,48.0,3.0,1:33.998,320.0,1,2025,22,80,2025-11-22,Las Vegas Grand Prix,36.1147,-115.173,ANT,137.0,7,431.0,2,1:56.314,,,0.0,0.0,0.0,0.0,0 days 00:00:00,0.0,0.0,0,0.0,1,122.0,398.0,7,2,Finished,
,2025022,844,6,9.0,4.0,12.0,50.0,1:21:39.107,4899107,43.0,5.0,1:34.304,318.0,1,2025,22,80,2025-11-22,Las Vegas Grand Prix,36.1147,-115.173,LEC,226.0,5,378.0,4,1:54.814,1:51.952,1:49.872,0.0,0.0,0.0,0.0,0 days 00:00:00,0.0,0.0,0,0.0,0,214.0,362.0,5,4,Finished,28.10130047912389
,2025022,832,3,3.0,5.0,10.0,50.0,1:21:43.353,4903353,42.0,6.0,1:34.496,315.0,1,2025,22,80,2025-11-22,Las Vegas Grand Prix,36.1147,-115.173,SAI,48.0,11,121.0,5,1:54.873,1:51.144,1:48.296,0.0,0.0,0.0,0.0,0 days 00:00:00,0.0,0.0,0,0.0,0,38.0,111.0,13,5,Finished,31.225188227241617
,2025022,865,215,8.0,6.0,8.0,50.0,1:21:53.686,4913686,50.0,12.0,1:34.620,314.0,1,2025,22,80,2025-11-22,Las Vegas Grand Prix,36.1147,-115.173,HAD,51.0,9,90.0,6,1:55.613,1:51.120,1:49.554,0.0,0.0,0.0,0.0,0 days 00:00:00,0.0,0.0,0,0.0,0,43.0,82.0,9,6,Finished,
,2025022,807,15,11.0,7.0,6.0,50.0,1:21:59.563,4919563,49.0,10.0,1:34.592,316.0,1,2025,22,80,2025-11-22,Las Vegas Grand Prix,36.1147,-115.173,HUL,49.0,10,68.0,9,1:54.555,1:52.781,,0.0,0.0,0.0,0.0,0 days 00:00:00,0.0,0.0,0,0.0,0,43.0,62.0,9,9,Finished,38.261464750171115
,2025022,1,6,19.0,8.0,4.0,50.0,1:22:07.798,4927798,49.0,8.0,1:34.553,323.0,1,2025,22,80,2025-11-22,Las Vegas Grand Prix,36.1147,-115.173,HAM,152.0,6,378.0,4,1:57.115,,,0.0,0.0,0.0,0.0,0 days 00:00:00,0.0,0.0,0,0.0,0,148.0,362.0,6,4,Finished,40.87337440109514
,2025022,839,210,13.0,9.0,2.0,50.0,1:22:09.064,4929064,48.0,9.0,1:34.557,327.0,1,2025,22,80,2025-11-22,Las Vegas Grand Prix,36.1147,-115.173,OCO,32.0,15,73.0,7,1:54.635,1:52.987,,0.0,0.0,0.0,0.0,0 days 00:00:00,0.0,0.0,0,0.0,0,30.0,70.0,16,8,Finished,29.180013689253936
,2025022,860,210,14.0,10.0,1.0,50.0,1:22:18.978,4938978,50.0,7.0,1:34.519,319.0,1,2025,22,80,2025-11-22,Las Vegas Grand Prix,36.1147,-115.173,BEA,41.0,12,73.0,7,1:56.016,1:53.094,,0.0,0.0,0.0,0.0,0 days 00:00:00,0.0,0.0,0,0.0,0,40.0,70.0,11,8,Finished,20.542094455852155
,2025022,4,117,7.0,11.0,0.0,50.0,1:22:33.737,4953737,41.0,16.0,1:35.629,316.0,1,2025,22,80,2025-11-22,Las Vegas Grand Prix,36.1147,-115.173,ALO,40.0,13,72.0,8,1:53.739,1:51.865,1:49.466,0.0,0.0,0.0,0.0,0 days 00:00:00,0.0,0.0,0,0.0,0,40.0,72.0,11,7,Finished,44.31759069130732
,2025022,852,9,20.0,12.0,0.0,50.0,1:22:35.403,4955403,49.0,14.0,1:34.967,322.0,1,2025,22,80,2025-11-22,Las Vegas Grand Prix,36.1147,-115.173,TSU,28.0,17,391.0,3,1:56.798,,,0.0,0.0,0.0,0.0,0 days 00:00:00,0.0,0.0,0,0.0,0,28.0,366.0,17,3,Finished,25.533196440793976
,2025022,842,214,10.0,13.0,0.0,50.0,1:22:40.131,4960131,44.0,17.0,1:35.674,316.0,1,2025,22,80,2025-11-22,Las Vegas Grand Prix,36.1147,-115.173,GAS,22.0,18,22.0,10,1:54.432,1:51.760,1:51.540,0.0,0.0,0.0,0.0,0 days 00:00:00,0.0,0.0,0,0.0,0,22.0,22.0,18,10,Finished,29.790554414784395
,2025022,859,215,6.0,14.0,0.0,49.0,1:21:11.720,4871720,47.0,13.0,1:34.837,319.0,,2025,22,80,2025-11-22,Las Vegas Grand Prix,36.1147,-115.173,LAW,36.0,14,90.0,6,1:54.828,1:51.621,1:49.062,0.0,0.0,0.0,0.0,0 days 00:00:00,0.0,0.0,0,0.0,0,36.0,82.0,14,6,Unknown,23.7782340862423
,2025022,861,214,15.0,15.0,0.0,49.0,1:21:18.888,4878888,38.0,18.0,1:35.780,314.0,,2025,22,80,2025-11-22,Las Vegas Grand Prix,36.1147,-115.173,COL,0.0,20,22.0,10,1:54.847,1:53.683,,0.0,0.0,0.0,0.0,0 days 00:00:00,0.0,0.0,0,0.0,0,0.0,22.0,20,10,Unknown,22.491444216290212
,2025022,848,3,16.0,16.0,0.0,35.0,,,26.0,15.0,1:35.184,321.0,31,2025,22,80,2025-11-22,Las Vegas Grand Prix,36.1147,-115.173,ALB,73.0,8,121.0,5,1:56.220,,,0.0,0.0,0.0,0.0,0 days 00:00:00,0.0,0.0,0,0.0,0,73.0,111.0,8,5,DNF,29.66735112936345
,2025022,864,15,18.0,17.0,0.0,2.0,,,1.0,19.0,2:10.427,,31,2025,22,80,2025-11-22,Las Vegas Grand Prix,36.1147,-115.173,BOR,19.0,19,68.0,9,1:56.674,,,0.0,0.0,0.0,0.0,0 days 00:00:00,0.0,0.0,0,0.0,0,19.0,62.0,19,9,DNF,
,2025022,840,117,12.0,18.0,0.0,0.0,,,,,,,31,2025,22,80,2025-11-22,Las Vegas Grand Prix,36.1147,-115.173,STR,32.0,15,72.0,8,1:54.416,1:52.850,,0.0,0.0,0.0,0.0,0 days 00:00:00,0.0,0.0,0,0.0,0,32.0,72.0,15,7,DNF,27.066392881587955
,2025022,846,1,1.0,19.0,0.0,50.0,,,41.0,2.0,1:33.965,297.0,2,2025,22,80,2025-11-22,Las Vegas Grand Prix,36.1147,-115.173,NOR,390.0,1,756.0,1,1:55.473,1:51.379,1:47.934,0.0,0.0,0.0,0.0,0 days 00:00:00,0.0,0.0,0,0.0,0,390.0,756.0,1,1,Disqualified,26.026009582477755
,2025022,857,1,5.0,20.0,0.0,50.0,,,47.0,4.0,1:34.086,322.0,2,2025,22,80,2025-11-22,Las Vegas Grand Prix,36.1147,-115.173,PIA,366.0,2,756.0,1,1:54.544,1:52.126,1:48.961,0.0,0.0,0.0,0.0,0 days 00:00:00,0.0,0.0,0,0.0,0,366.0,756.0,2,1,Disqualified,24.629705681040384
,2025023,830,9,3.0,1.0,25.0,57.0,1:24:38.241,5078241,50.0,5.0,1:23.498,281.0,1,2025,23,78,2025-11-30,Qatar Grand Prix,25.49,51.4542,VER,396.0,2,426.0,3,1:20.472,1:19.985,1:19.651,6.0,4.0,5.0,19.0,0 days 00:25:31.499000,1531499.0,17.0,1:24.541,1.0,1,366.0,391.0,2,3,Finished,28.16700889801506
,2025023,857,1,1.0,2.0,18.0,57.0,1:24:46.236,5086236,44.0,1.0,1:22.996,282.0,1,2025,23,78,2025-11-30,Qatar Grand Prix,25.49,51.4542,PIA,392.0,3,800.0,1,1:20.234,1:19.650,1:19.387,1.0,1.0,8.0,19.0,0 days 00:25:25.509000,1525509.0,19.0,1:23.988,1.0,1,366.0,756.0,2,1,Finished,24.65160848733744
,2025023,832,3,7.0,3.0,15.0,57.0,1:25:00.906,5100906,48.0,6.0,1:23.859,281.0,1,2025,23,78,2025-11-30,Qatar Grand Prix,25.49,51.4542,SAI,64.0,9,137.0,5,1:20.520,1:20.251,1:20.287,8.0,8.0,1.0,19.0,0 days 00:25:46.642000,1546642.0,5.0,1:25.463,1.0,1,48.0,121.0,11,5,Finished,31.247091033538673
,2025023,846,1,2.0,4.0,12.0,57.0,1:25:01.556,5101556,47.0,2.0,1:23.197,283.0,1,2025,23,78,2025-11-30,Qatar Grand Prix,25.49,51.4542,NOR,408.0,1,800.0,1,1:20.157,1:19.861,1:19.495,3.0,3.0,6.0,19.0,0 days 00:25:29.341000,1529341.0,18.0,1:24.507,1.0,0,390.0,756.0,1,1,Finished,26.04791238877481
,2025023,863,131,5.0,5.0,10.0,57.0,1:25:06.558,5106558,55.0,8.0,1:23.955,287.0,1,2025,23,78,2025-11-30,Qatar Grand Prix,25.49,51.4542,ANT,150.0,7,459.0,2,1:20.576,1:20.084,1:19.846,7.0,6.0,3.0,19.0,0 days 00:25:36.455000,1536455.0,19.0,1:24.464,1.0,0,137.0,431.0,7,2,Finished,
,2025023,847,131,4.0,6.0,8.0,57.0,1:25:26.840,5126840,56.0,3.0,1:23.198,282.0,1,2025,23,78,2025-11-30,Qatar Grand Prix,25.49,51.4542,RUS,309.0,4,459.0,2,1:20.074,1:20.186,1:19.662,2.0,2.0,7.0,19.0,0 days 00:25:29.186000,1529186.0,16.0,1:24.564,1.0,0,294.0,431.0,4,2,Finished,27.789185489390828
,2025023,4,117,8.0,7.0,6.0,57.0,1:25:32.286,5132286,57.0,7.0,1:23.940,281.0,1,2025,23,78,2025-11-30,Qatar Grand Prix,25.49,51.4542,ALO,48.0,12,80.0,7,1:20.598,1:20.219,1:20.418,4.0,7.0,2.0,19.0,0 days 00:25:45.249000,1545249.0,4.0,1:25.415,1.0,0,40.0,72.0,13,8,Finished,44.33949349760438
,2025023,844,6,10.0,8.0,4.0,57.0,1:25:35.026,5135026,56.0,13.0,1:24.432,283.0,1,2025,23,78,2025-11-30,Qatar Grand Prix,25.49,51.4542,LEC,230.0,5,382.0,4,1:20.564,1:20.343,1:20.561,9.0,13.0,0.0,19.0,0 days 00:25:51.955000,1551955.0,4.0,1:25.638,1.0,0,226.0,378.0,5,4,Finished,28.123203285420946
,2025023,859,215,12.0,9.0,2.0,57.0,1:25:38.314,5138314,54.0,9.0,1:23.971,281.0,1,2025,23,78,2025-11-30,Qatar Grand Prix,25.49,51.4542,LAW,38.0,14,92.0,6,1:20.539,1:20.433,,16.0,14.0,0.0,19.0,0 days 00:25:53.439000,1553439.0,5.0,1:25.620,1.0,0,36.0,90.0,14,6,Finished,23.800136892539356
,2025023,852,9,15.0,10.0,1.0,57.0,1:25:40.011,5140011,57.0,10.0,1:24.139,283.0,1,2025,23,78,2025-11-30,Qatar Grand Prix,25.49,51.4542,TSU,33.0,15,426.0,3,1:20.761,,,5.0,5.0,4.0,19.0,0 days 00:25:35.733000,1535733.0,17.0,1:24.816,1.0,0,28.0,391.0,17,3,Finished,25.555099247091032
,2025023,848,3,14.0,11.0,0.0,57.0,1:25:45.172,5145172,57.0,11.0,1:24.261,282.0,1,2025,23,78,2025-11-30,Qatar Grand Prix,25.49,51.4542,ALB,73.0,8,137.0,5,1:20.629,1:20.629,,10.0,10.0,0.0,19.0,0 days 00:25:47.196000,1547196.0,16.0,1:25.509,1.0,0,73.0,121.0,8,5,Finished,29.689253935660506
,2025023,1,6,17.0,12.0,0.0,57.0,1:25:55.971,5155971,52.0,14.0,1:24.848,281.0,1,2025,23,78,2025-11-30,Qatar Grand Prix,25.49,51.4542,HAM,152.0,6,382.0,4,1:20.907,,,18.0,17.0,0.0,19.0,0 days 00:26:01.178000,1561178.0,8.0,1:25.782,1.0,0,152.0,378.0,6,4,Finished,40.8952772073922
,2025023,864,15,19.0,13.0,0.0,57.0,1:26:03.053,5163053,54.0,17.0,1:25.233,278.0,1,2025,23,78,2025-11-30,Qatar Grand Prix,25.49,51.4542,BOR,19.0,19,68.0,9,1:20.653,1:20.534,,13.0,11.0,0.0,19.0,0 days 00:25:50.831000,1550831.0,4.0,1:25.663,1.0,0,19.0,68.0,19,9,Finished,
,2025023,861,214,20.0,14.0,0.0,56.0,1:24:41.524,5081524,52.0,19.0,1:25.644,280.0,,2025,23,78,2025-11-30,Qatar Grand Prix,25.49,51.4542,COL,0.0,20,22.0,10,1:21.137,,,20.0,20.0,0.0,19.0,0 days 00:26:34.879000,1594879.0,19.0,1:23.765,1.0,0,0.0,22.0,20,10,Unknown,22.51334702258727
,2025023,839,210,16.0,15.0,0.0,56.0,1:24:42.494,5082494,36.0,16.0,1:25.056,280.0,,2025,23,78,2025-11-30,Qatar Grand Prix,25.49,51.4542,OCO,32.0,16,73.0,8,1:20.864,,,15.0,15.0,0.0,19.0,0 days 00:25:54.878000,1554878.0,5.0,1:25.555,1.0,0,32.0,73.0,15,7,Unknown,29.201916495550993
,2025023,842,214,9.0,16.0,0.0,56.0,1:24:43.182,5083182,54.0,18.0,1:25.376,282.0,,2025,23,78,2025-11-30,Qatar Grand Prix,25.49,51.4542,GAS,22.0,18,22.0,10,1:20.681,1:20.324,1:20.477,19.0,18.0,0.0,19.0,0 days 00:26:24.123000,1584123.0,19.0,1:23.188,1.0,0,22.0,22.0,18,10,Unknown,29.812457221081452
,2025023,840,117,18.0,17.0,0.0,55.0,,,51.0,4.0,1:23.484,279.0,31,2025,23,78,2025-11-30,Qatar Grand Prix,25.49,51.4542,STR,32.0,16,80.0,7,1:21.058,,,17.0,19.0,0.0,19.0,0 days 00:26:33.260000,1593260.0,15.0,1:23.585,1.0,0,32.0,72.0,15,8,DNF,27.08829568788501
,2025023,865,215,6.0,18.0,0.0,55.0,,,52.0,12.0,1:24.317,278.0,31,2025,23,78,2025-11-30,Qatar Grand Prix,25.49,51.4542,HAD,51.0,10,92.0,6,1:20.603,1:20.350,1:20.114,11.0,9.0,0.0,19.0,0 days 00:25:47.247000,1547247.0,5.0,1:25.404,1.0,0,51.0,90.0,9,6,DNF,
,2025023,860,210,13.0,19.0,0.0,41.0,,,34.0,15.0,1:24.930,278.0,31,2025,23,78,2025-11-30,Qatar Grand Prix,25.49,51.4542,BEA,41.0,13,73.0,8,1:20.548,1:20.438,,12.0,12.0,0.0,19.0,0 days 00:25:51.767000,1551767.0,5.0,1:25.593,1.0,0,41.0,73.0,12,7,DNF,20.56399726214921
,2025023,807,15,11.0,20.0,0.0,6.0,,,5.0,20.0,1:28.139,279.0,31,2025,23,78,2025-11-30,Qatar Grand Prix,25.49,51.4542,HUL,49.0,11,68.0,9,1:20.630,1:20.353,,14.0,16.0,0.0,19.0,0 days 00:25:55.370000,1555370.0,5.0,1:25.678,1.0,0,49.0,68.0,10,9,DNF,38.28336755646817
